REF_AREA,ACTIVITY,OBS_VALUE,TIME_PERIOD,diversity,ubiquity,mcp,eci,pci,density,coi,cog,rca,distance,nombre_actividad,clase_titulo,seccion_codigo,seccion_titulo,division_titulo
HND,810,194.0,2019,53,11,0,-1.1439451466634083,-1.8680238583022497,0.289431240958284,0.02175665854353447,0.12483449246495161,0.3593023758836715,0.710568759041716,"Extracción de piedra de cantera, arena y arcilla","Extracción de piedra, arena y arcilla",B,Explotación de minas y canteras,Explotación de otras minas y canteras
HND,899,5.0,2019,53,9,0,-1.1439451466634083,0.7375322912206715,0.25054109691625753,0.02175665854353447,0.6541646338167234,0.2213869302992535,0.7494589030837424,Explotación de otras minas y canteras n.c.p.,Explotación de otras minas y canteras n.c.p.,B,Explotación de minas y canteras,Explotación de otras minas y canteras
HND,910,1027.0,2019,53,4,1,-1.1439451466634083,-3.408596860739333,0.42263998419090654,0.02175665854353447,0.0,4.763077725360529,0.5773600158090935,Actividades de apoyo para la extracción de petróleo y gas natural,Actividades de apoyo para la extracción de petróleo y gas natural,B,Explotación de minas y canteras,Actividades de servicios de apoyo para la explotación de minas y canteras
HND,990,243.0,2019,53,6,1,-1.1439451466634083,-2.476831072126863,0.32437283138605266,0.02175665854353447,0.0,2.917234493004595,0.6756271686139473,Actividades de apoyo para otras actividades de explotación de minas y canteras,Actividades de apoyo para otras actividades de explotación de minas y canteras,B,Explotación de minas y canteras,Actividades de servicios de apoyo para la explotación de minas y canteras
HND,1010,5988.0,2019,53,11,1,-1.1439451466634083,-2.731995505386203,0.34509739840240783,0.02175665854353447,0.0,1.4623889718176992,0.6549026015975922,Elaboración y conservación de carne,Elaboración y conservación de carne,C,Industrias manufactureras,Elaboración de productos alimenticios
HND,1020,2923.0,2019,53,9,1,-1.1439451466634083,-1.1103123227429392,0.3607107035345514,0.02175665854353447,0.0,3.4558862960650076,0.6392892964654486,"Elaboración y conservación de pescado, crustáceos y moluscos","Elaboración y conservación de pescado, crustáceos y moluscos",C,Industrias manufactureras,Elaboración de productos alimenticios
HND,1030,5454.0,2019,53,11,1,-1.1439451466634083,-2.337784346775491,0.35265379522611473,0.02175665854353447,0.0,4.015704081206445,0.6473462047738853,"Elaboración y conservación de frutas, legumbres y hortalizas","Elaboración y conservación de frutas, legumbres y hortalizas",C,Industrias manufactureras,Elaboración de productos alimenticios
HND,1040,3994.0,2019,53,12,1,-1.1439451466634083,-1.9593409587785482,0.35295146243190256,0.02175665854353447,0.0,13.511767274628676,0.6470485375680974,Elaboración de aceites y grasas de origen vegetal y animal,Elaboración de aceites y grasas de origen vegetal y animal,C,Industrias manufactureras,Elaboración de productos alimenticios
HND,1050,4783.0,2019,53,15,1,-1.1439451466634083,-0.6257769830589928,0.3336298932384341,0.02175665854353447,0.0,2.740858584307015,0.6663701067615659,Elaboración de productos lácteos,Elaboración de productos lácteos,C,Industrias manufactureras,Elaboración de productos alimenticios
HND,1061,0.0,2019,53,11,0,-1.1439451466634083,-0.4499391441890539,0.29198541394854965,0.02175665854353447,0.4786062143126439,0.0,0.7080145860514504,Elaboración de productos de molienda,Elaboración de productos de molinería,C,Industrias manufactureras,Elaboración de productos alimenticios
HND,1062,330.0,2019,53,9,1,-1.1439451466634083,1.3175394917602476,0.29306013703046313,0.02175665854353447,0.0,5.048642778795328,0.7069398629695369,Elaboración de almidones y productos derivados del almidón,Elaboración de almidones y productos derivados del almidón,C,Industrias manufactureras,Elaboración de productos alimenticios
HND,1071,4601.0,2019,53,9,0,-1.1439451466634083,-1.2624531832420365,0.281675883409271,0.02175665854353447,0.4639193169030766,0.7821276461567264,0.718324116590729,Elaboración de productos de panadería,Elaboración de productos de panadería,C,Industrias manufactureras,Elaboración de productos alimenticios
HND,1072,2489.0,2019,53,7,1,-1.1439451466634083,-3.259271699797899,0.3827046578188626,0.02175665854353447,0.0,12.230604852198885,0.6172953421811374,Elaboración de azúcar,Elaboración de azúcar,C,Industrias manufactureras,Elaboración de productos alimenticios
HND,1073,200.0,2019,53,10,0,-1.1439451466634083,-2.6800711373117734,0.31675174305703735,0.02175665854353447,-0.001967946706596952,0.2553604991824546,0.6832482569429627,Elaboración de cacao y chocolate y de productos de confitería,Elaboración de cacao y chocolate y de productos de confitería,C,Industrias manufactureras,Elaboración de productos alimenticios
HND,1074,77.0,2019,53,8,0,-1.1439451466634083,-2.0531477857167135,0.2788361455114686,0.02175665854353447,0.24450883978222615,0.3306011816847896,0.7211638544885314,"Elaboración de macarrones, fideos, alcuzcuz y productos farináceos similares","Elaboración de macarrones, fideos, alcuzcuz y productos farináceos similares",C,Industrias manufactureras,Elaboración de productos alimenticios
HND,1075,41.0,2019,53,7,0,-1.1439451466634083,4.148892242540875,0.2186694170229965,0.02175665854353447,1.3264426203427897,0.09738461871116452,0.7813305829770035,Elaboración de comidas y platos preparados,Elaboración de comidas y platos preparados,C,Industrias manufactureras,Elaboración de productos alimenticios
HND,1079,2207.0,2019,53,10,1,-1.1439451466634083,-1.7616518685526699,0.3492334865102947,0.02175665854353447,0.0,1.5522354661867195,0.6507665134897054,Elaboración de otros productos alimenticios n.c.p.,Elaboración de otros productos alimenticios n.c.p.,C,Industrias manufactureras,Elaboración de productos alimenticios
HND,1080,2036.0,2019,53,13,1,-1.1439451466634083,-0.8791064590615604,0.33708980787370274,0.02175665854353447,0.0,3.4663813579651976,0.6629101921262972,Elaboración de alimentos preparados para animales,Elaboración de piensos preparados para animales,C,Industrias manufactureras,Elaboración de productos alimenticios
HND,1101,87.0,2019,53,12,0,-1.1439451466634083,-1.4507976531168407,0.30246116440559306,0.02175665854353447,0.2650512235410507,0.43357027265615716,0.697538835594407,"Destilación, rectificación y mezcla de bebidas alcohólicas","Destilación, rectificación y mezcla de bebidas alcohólicas",C,Industrias manufactureras,Elaboración de bebidas
HND,1102,1.0,2019,53,6,0,-1.1439451466634083,-1.8124472961620488,0.28929539029784257,0.02175665854353447,0.23681379002979558,0.02177105981233647,0.7107046097021574,Elaboración de vinos,Elaboración de vinos,C,Industrias manufactureras,Elaboración de bebidas
HND,1103,925.0,2019,53,11,1,-1.1439451466634083,-0.31493009622355383,0.3299177073441091,0.02175665854353447,0.0,2.421855100444921,0.6700822926558909,Elaboración de malta y licores de malta,Elaboración de bebidas malteadas y de malta,C,Industrias manufactureras,Elaboración de bebidas
HND,1104,6607.0,2019,53,11,1,-1.1439451466634083,-3.071884556856553,0.3696442969814365,0.02175665854353447,-0.0,9.89101738002087,0.6303557030185635,Elaboración de bebidas no alcohólicas; producción de aguas minerales y otras aguas embotelladas,Elaboración de bebidas no alcohólicas; producción de aguas minerales y otras aguas embotelladas,C,Industrias manufactureras,Elaboración de bebidas
HND,1200,5280.0,2019,53,9,1,-1.1439451466634083,-3.5189969768387517,0.3441931542914597,0.02175665854353447,-0.0,25.998671960129908,0.6558068457085403,Elaboración de productos de tabaco,Elaboración de productos de tabaco,C,Industrias manufactureras,Elaboración de productos de tabaco
HND,1311,9914.0,2019,53,8,1,-1.1439451466634083,-2.1418306847135997,0.35016551955158653,0.02175665854353447,0.0,31.933409069534683,0.6498344804484135,Preparación e hilatura de fibras textiles,Preparación e hilatura de fibras textiles,C,Industrias manufactureras,Fabricación de productos textiles
HND,1312,276.0,2019,53,5,0,-1.1439451466634083,0.363028432342907,0.23651011328041965,0.02175665854353447,0.7359871161190346,0.7152692950248446,0.7634898867195803,Tejedura de productos textiles,Tejedura de productos textiles,C,Industrias manufactureras,Fabricación de productos textiles
HND,1313,71320.0,2019,53,5,1,-1.1439451466634083,-1.279129062664207,0.34658518125179266,0.02175665854353447,0.0,100.28568345824776,0.6534148187482074,Acabado de productos textiles,Acabado de productos textiles,C,Industrias manufactureras,Fabricación de productos textiles
HND,1391,2839.0,2019,53,7,1,-1.1439451466634083,-1.567692338093346,0.33163610706749513,0.02175665854353447,0.0,26.869275079678527,0.6683638929325049,Fabricación de tejidos de punto y ganchillo,Fabricación de tejidos de punto y ganchillo,C,Industrias manufactureras,Fabricación de productos textiles
HND,1392,9677.0,2019,53,11,1,-1.1439451466634083,-3.060874918034072,0.3459604323796983,0.02175665854353447,0.0,13.381233115486468,0.6540395676203017,"Fabricación de artículos confeccionados de materiales textiles, excepto prendas de vestir","Fabricación de artículos confeccionados de materiales textiles, excepto prendas de vestir",C,Industrias manufactureras,Fabricación de productos textiles
HND,1393,0.0,2019,53,4,0,-1.1439451466634083,0.39487241524649835,0.2168017014331425,0.02175665854353447,0.497777595429565,0.0,0.7831982985668575,Fabricación de tapices y alfombras,Fabricación de tapices y alfombras,C,Industrias manufactureras,Fabricación de productos textiles
HND,1394,0.0,2019,53,9,0,-1.1439451466634083,-0.2539113256116107,0.3014828159370003,0.02175665854353447,0.45423947505280166,0.0,0.6985171840629997,"Fabricación de cuerdas, cordeles, bramantes y redes","Fabricación de cuerdas, cordeles, bramantes y redes",C,Industrias manufactureras,Fabricación de productos textiles
HND,1399,3752.0,2019,53,7,1,-1.1439451466634083,-2.643832901761316,0.34879489426431437,0.02175665854353447,0.0,6.302017202744275,0.6512051057356856,Fabricación de otros productos textiles n.c.p.,Fabricación de otros productos textiles n.c.p.,C,Industrias manufactureras,Fabricación de productos textiles
HND,1410,16142.0,2019,53,12,1,-1.1439451466634083,-3.3476718833887986,0.35151727979462843,0.02175665854353447,-0.0,4.690037319978463,0.6484827202053716,"Fabricación de prendas de vestir, excepto prendas de piel","Fabricación de prendas de vestir, excepto prendas de piel",C,Industrias manufactureras,Fabricación de prendas de vestir
HND,1511,2.0,2019,53,5,0,-1.1439451466634083,-2.8425147609336934,0.289025482803942,0.02175665854353447,0.11457619085370668,0.011247403379626762,0.710974517196058,Curtido y adobo de cueros; adobo y teñido de pieles,Curtido y adobo de cueros; adobo y teñido de pieles,C,Industrias manufactureras,Fabricación de productos de cuero y productos conexos
HND,1520,141.0,2019,53,10,0,-1.1439451466634083,-2.806078990126335,0.300585491159546,0.02175665854353447,0.03715643280149245,0.11825633623274627,0.699414508840454,Fabricación de calzado,Fabricación de calzado,C,Industrias manufactureras,Fabricación de productos de cuero y productos conexos
HND,1610,1084.0,2019,53,11,1,-1.1439451466634083,-1.7523692085948877,0.33202557111887915,0.02175665854353447,0.0,1.3410891669399363,0.6679744288811209,Aserrado y acepilladura de madera,Aserrado y acepilladura de madera,C,Industrias manufactureras,"Producción de madera y fabricación de productos de madera y corcho, excepto muebles; fabricación de artículos de paja y de materiales trenzables"
HND,1621,103.0,2019,53,9,0,-1.1439451466634083,-1.362981061170594,0.2823993381326643,0.02175665854353447,0.24114120325135358,0.24194696591156636,0.7176006618673356,Fabricación de hojas de madera para enchapado y tableros a base de madera,Fabricación de hojas de madera para enchapado y tableros a base de madera,C,Industrias manufactureras,"Producción de madera y fabricación de productos de madera y corcho, excepto muebles; fabricación de artículos de paja y de materiales trenzables"
HND,1622,641.0,2019,53,10,0,-1.1439451466634083,0.25741473680436955,0.24090976809075954,0.02175665854353447,0.7147259557360286,0.5312965435742021,0.7590902319092405,Fabricación de partes y piezas de carpintería para edificios y construcciones,Fabricación de partes y piezas de carpintería para edificios y construcciones,C,Industrias manufactureras,"Producción de madera y fabricación de productos de madera y corcho, excepto muebles; fabricación de artículos de paja y de materiales trenzables"
HND,1623,56.0,2019,53,9,0,-1.1439451466634083,-1.914482625653008,0.2685057915499162,0.02175665854353447,0.22053960420344532,0.1495579974110841,0.7314942084500837,Fabricación de recipientes de madera,Fabricación de recipientes de madera,C,Industrias manufactureras,"Producción de madera y fabricación de productos de madera y corcho, excepto muebles; fabricación de artículos de paja y de materiales trenzables"
HND,1629,1344.0,2019,53,8,1,-1.1439451466634083,-4.397117594912464,0.35489906958931544,0.02175665854353447,-0.0,3.973527207063835,0.6451009304106845,"Fabricación de otros productos de madera; fabricación de artículos de corcho, paja y materiales trenzables","Fabricación de otros productos de madera; fabricación de artículos de corcho, paja y materiales trenzables",C,Industrias manufactureras,"Producción de madera y fabricación de productos de madera y corcho, excepto muebles; fabricación de artículos de paja y de materiales trenzables"
HND,1701,94.0,2019,53,8,0,-1.1439451466634083,2.04812182193822,0.24594564872623217,0.02175665854353447,1.1217164101920456,0.17263173280965943,0.7540543512737679,"Fabricación de pasta de madera, papel y cartón","Fabricación de pasta de madera, papel y cartón",C,Industrias manufactureras,Fabricación de papel y de productos de papel
HND,1702,953.0,2019,53,7,0,-1.1439451466634083,-1.4278825798660149,0.26833513403850523,0.02175665854353447,0.43112243372094616,0.7601084315676704,0.7316648659614948,Fabricación de papel y cartón ondulado y de envases de papel y cartón,Fabricación de papel y cartón ondulado y de envases de papel y cartón,C,Industrias manufactureras,Fabricación de papel y de productos de papel
HND,1709,1474.0,2019,53,10,1,-1.1439451466634083,-2.719853178540834,0.34732476277930824,0.02175665854353447,0.0,1.6711990846107359,0.6526752372206918,Fabricación de otros artículos de papel y cartón,Fabricación de otros artículos de papel y cartón,C,Industrias manufactureras,Fabricación de papel y de productos de papel
HND,1811,168.0,2019,53,14,0,-1.1439451466634083,-0.7898168676604518,0.2863522686673812,0.02175665854353447,0.4889537788693243,0.09585815672675102,0.7136477313326188,Impresión,Impresión,C,Industrias manufactureras,Impresión y reproducción de grabaciones
HND,1812,2133.0,2019,53,10,1,-1.1439451466634083,-0.17744011325369471,0.30883431495707786,0.02175665854353447,0.0,5.802652394418398,0.6911656850429222,Actividades de servicios relacionadas con la impresión,Actividades de servicios relacionadas con la impresión,C,Industrias manufactureras,Impresión y reproducción de grabaciones
HND,1920,6.0,2019,53,10,0,-1.1439451466634083,-1.675361275457936,0.29825037968119117,0.02175665854353447,0.2498353126354313,0.01445857013437725,0.7017496203188088,Fabricación de productos de la refinación del petróleo,Fabricación de productos de la refinación del petróleo,C,Industrias manufactureras,Fabricación de coque y productos de la refinación del petróleo
HND,2011,354.0,2019,53,6,0,-1.1439451466634083,5.5559241261524805,0.18438619859348895,0.02175665854353447,1.7416075823359896,0.2679972159224985,0.8156138014065111,Fabricación de sustancias químicas básicas,Fabricación de sustancias químicas básicas,C,Industrias manufactureras,Fabricación de sustancias y productos químicos
HND,2012,38.0,2019,53,13,0,-1.1439451466634083,-0.02023911425791134,0.2935695885595973,0.02175665854353447,0.604065587947921,0.16543325291269398,0.7064304114404028,Fabricación de abonos y compuestos de nitrógeno,Fabricación de abonos y compuestos de nitrógeno,C,Industrias manufactureras,Fabricación de sustancias y productos químicos
HND,2013,868.0,2019,53,7,1,-1.1439451466634083,2.9308374165613005,0.2890828615523352,0.02175665854353447,0.0,1.3100854752439994,0.7109171384476648,Fabricación de plásticos y caucho sintético en formas primarias,Fabricación de plásticos y caucho sintético en formas primarias,C,Industrias manufactureras,Fabricación de sustancias y productos químicos
HND,2021,128.0,2019,53,8,0,-1.1439451466634083,-1.0055824979914711,0.29684588304842396,0.02175665854353447,0.3414090633434467,0.9613457558491434,0.703154116951576,Fabricación de plaguicidas y otros productos químicos de uso agropecuario,Fabricación de plaguicidas y otros productos químicos de uso agropecuario,C,Industrias manufactureras,Fabricación de sustancias y productos químicos
HND,2022,16.0,2019,53,5,0,-1.1439451466634083,1.3237676931007158,0.2256047380798043,0.02175665854353447,1.0350973862559658,0.02282948959656354,0.7743952619201957,"Fabricación de pinturas, barnices y productos de revestimiento similares, tintas de imprenta y masillas","Fabricación de pinturas, barnices y productos de revestimiento similares, tintas de imprenta y masillas",C,Industrias manufactureras,Fabricación de sustancias y productos químicos
HND,2023,2090.0,2019,53,9,1,-1.1439451466634083,-1.251643427445128,0.3636392236438246,0.02175665854353447,0.0,1.5344450097380877,0.6363607763561754,"Fabricación de jabones y detergentes, preparados para limpiar y pulir, perfumes y preparados de tocador","Fabricación de jabones y detergentes, preparados para limpiar y pulir, perfumes y preparados de tocador",C,Industrias manufactureras,Fabricación de sustancias y productos químicos
HND,2029,41.0,2019,53,8,0,-1.1439451466634083,2.0563813755097406,0.23867619217200992,0.02175665854353447,1.2603166000576473,0.049203795754524035,0.76132380782799,Fabricación de otros productos químicos n.c.p.,Fabricación de otros productos químicos n.c.p.,C,Industrias manufactureras,Fabricación de sustancias y productos químicos
HND,2030,857.0,2019,53,7,1,-1.1439451466634083,1.1010750824394318,0.2851738680297466,0.02175665854353447,0.0,7.392161736574245,0.7148261319702534,Fabricación de fibras artificiales,Fabricación de fibras artificiales,C,Industrias manufactureras,Fabricación de sustancias y productos químicos
HND,2100,2869.0,2019,53,10,1,-1.1439451466634083,0.07940281723823878,0.31488686804324095,0.02175665854353447,0.0,1.2768179879065917,0.685113131956759,"Fabricación de productos farmacéuticos, sustancias químicas medicinales y productos botánicos de uso farmacéutico","Fabricación de productos farmacéuticos, sustancias químicas medicinales y productos botánicos de uso farmacéutico",C,Industrias manufactureras,"Fabricación de productos farmacéuticos, sustancias químicas medicinales y productos botánicos de uso farmacéutico"
HND,2211,1183.0,2019,53,7,1,-1.1439451466634083,-2.077279378010408,0.3240737006768053,0.02175665854353447,0.0,1.8282563810786567,0.6759262993231947,"Fabricación de llantas y tubos de hule, reconstrucción y revitalizado de llantas de hule",Fabricación de cubiertas y cámaras de caucho; recauchutado y renovación de cubiertas de caucho,C,Industrias manufactureras,Fabricación de productos de caucho y de plástico
HND,2219,714.0,2019,53,8,0,-1.1439451466634083,-0.94016388438356,0.23902765216223446,0.02175665854353447,0.694272739988979,0.7141195232400855,0.7609723478377656,Fabricación de otros productos de caucho,Fabricación de otros productos de caucho,C,Industrias manufactureras,Fabricación de productos de caucho y de plástico
HND,2220,4260.0,2019,53,7,0,-1.1439451466634083,-0.8941972487015877,0.256453996914559,0.02175665854353447,0.6992400102466976,0.6944209613362959,0.743546003085441,Fabricación de productos de plástico,Fabricación de productos de plástico,C,Industrias manufactureras,Fabricación de productos de caucho y de plástico
HND,2310,285.0,2019,53,8,0,-1.1439451466634083,0.16188943693278943,0.242904394777668,0.02175665854353447,0.8323560536911849,0.2989293787630297,0.757095605222332,Fabricación de vidrio y productos de vidrio,Fabricación de vidrio y productos de vidrio,C,Industrias manufactureras,Fabricación de otros productos minerales no metálicos
HND,2391,112.0,2019,53,9,1,-1.1439451466634083,-0.5871642529845904,0.32712235073636176,0.02175665854353447,0.0,1.153039526509127,0.6728776492636382,Fabricación de productos refractarios,Fabricación de productos refractarios,C,Industrias manufactureras,Fabricación de otros productos minerales no metálicos
HND,2392,12.0,2019,53,8,0,-1.1439451466634083,-2.1889030034242345,0.2763107911032539,0.02175665854353447,0.17612612131656083,0.025348094475572958,0.7236892088967462,Fabricación de materiales de construcción de arcilla,Fabricación de materiales de construcción de arcilla,C,Industrias manufactureras,Fabricación de otros productos minerales no metálicos
HND,2393,60.0,2019,53,6,0,-1.1439451466634083,-0.5674197581247038,0.22259505164912813,0.02175665854353447,0.7520535741265848,0.2246718774364002,0.7774049483508718,Fabricación de otros productos de porcelana y de cerámica,Fabricación de otros productos de porcelana y de cerámica,C,Industrias manufactureras,Fabricación de otros productos minerales no metálicos
HND,2394,676.0,2019,53,13,1,-1.1439451466634083,-1.191828850798759,0.32996436128744855,0.02175665854353447,0.0,2.7381678726062555,0.6700356387125515,"Fabricación de cemento, cal y yeso","Fabricación de cemento, cal y yeso",C,Industrias manufactureras,Fabricación de otros productos minerales no metálicos
HND,2395,780.0,2019,53,14,0,-1.1439451466634083,0.5843729838579368,0.27522501184272863,0.02175665854353447,0.7416017763149647,0.7364036604512835,0.7247749881572714,"Fabricación de artículos de hormigón, cemento y yeso","Fabricación de artículos de hormigón, cemento y yeso",C,Industrias manufactureras,Fabricación de otros productos minerales no metálicos
HND,2396,36.0,2019,53,6,0,-1.1439451466634083,-2.0201349479024517,0.25591539734617613,0.02175665854353447,0.18663686660392234,0.07106496071831492,0.7440846026538239,"Corte, talla y acabado de la piedra","Corte, talla y acabado de la piedra",C,Industrias manufactureras,Fabricación de otros productos minerales no metálicos
HND,2399,7.0,2019,53,11,0,-1.1439451466634083,0.37488248535449786,0.2704171781225709,0.02175665854353447,0.7691183565569666,0.01760015093195866,0.7295828218774292,Fabricación de otros productos minerales no metálicos n.c.p.,Fabricación de otros productos minerales no metálicos n.c.p.,C,Industrias manufactureras,Fabricación de otros productos minerales no metálicos
HND,2410,389.0,2019,53,5,0,-1.1439451466634083,0.2822719273695254,0.20554926779774013,0.02175665854353447,1.1104095511782988,0.21153453356250876,0.7944507322022598,Industrias básicas de hierro y acero,Industrias básicas de hierro y acero,C,Industrias manufactureras,Fabricación de metales comunes
HND,2420,167.0,2019,53,8,0,-1.1439451466634083,0.842853496495043,0.2698261814817192,0.02175665854353447,0.8956722393191567,0.2529077786386998,0.7301738185182808,Fabricación de metales preciosos básicos y de otros metales no ferrosos,Fabricación de productos primarios de metales preciosos y otros metales no ferrosos,C,Industrias manufactureras,Fabricación de metales comunes
HND,2431,22.0,2019,53,7,0,-1.1439451466634083,-1.499151330594297,0.2708547535070205,0.02175665854353447,0.5698203167613142,0.04301549303917547,0.7291452464929795,Fundición de hierro y acero,Fundición de hierro y acero,C,Industrias manufactureras,Fabricación de metales comunes
HND,2432,6.0,2019,53,6,0,-1.1439451466634083,-1.2432465826659505,0.21398468638375934,0.02175665854353447,0.6652040433857435,0.012975266987576665,0.7860153136162407,Fundición de metales no ferrosos,Fundición de metales no ferrosos,C,Industrias manufactureras,Fabricación de metales comunes
HND,2511,1602.0,2019,53,12,0,-1.1439451466634083,-1.6371730154155548,0.28939490719113753,0.02175665854353447,0.22490322112899624,0.3864891134913964,0.7106050928088625,Fabricación de productos metálicos para uso estructural,Fabricación de productos metálicos para uso estructural,C,Industrias manufactureras,"Fabricación de productos elaborados de metal, excepto maquinaria y equipo"
HND,2512,1.0,2019,53,5,0,-1.1439451466634083,-2.0812664743468265,0.2419119410990076,0.02175665854353447,0.18534450523870236,0.001919826659285102,0.7580880589009924,"Fabricación de tanques, depósitos y recipientes de metal","Fabricación de tanques, depósitos y recipientes de metal",C,Industrias manufactureras,"Fabricación de productos elaborados de metal, excepto maquinaria y equipo"
HND,2513,1.0,2019,53,5,0,-1.1439451466634083,0.6793767353422603,0.23250439949938181,0.02175665854353447,0.6989403110221268,0.009082157079776759,0.7674956005006182,"Fabricación de generadores de vapor, excepto calderas de agua caliente para calefacción central","Fabricación de generadores de vapor, excepto calderas de agua caliente para calefacción central",C,Industrias manufactureras,"Fabricación de productos elaborados de metal, excepto maquinaria y equipo"
HND,2520,2.0,2019,53,6,0,-1.1439451466634083,-1.063539234620346,0.2640672961306726,0.02175665854353447,0.3834472457199037,0.006170851726505611,0.7359327038693274,Fabricación de armas y municiones,Fabricación de armas y municiones,C,Industrias manufactureras,"Fabricación de productos elaborados de metal, excepto maquinaria y equipo"
HND,2591,56.0,2019,53,4,0,-1.1439451466634083,4.6192740083059,0.1671096971786112,0.02175665854353447,1.7891729979952777,0.03934571567170736,0.8328903028213888,"Forja, prensado, estampado y laminado de metales; pulvimetalurgia","Forja, prensado, estampado y laminado de metales; pulvimetalurgia",C,Industrias manufactureras,"Fabricación de productos elaborados de metal, excepto maquinaria y equipo"
HND,2592,5.0,2019,53,6,0,-1.1439451466634083,2.75603114347281,0.18073100115788107,0.02175665854353447,1.3762552140362119,0.0011571563324788842,0.8192689988421189,Tratamiento y revestimiento de metales; maquinado,Tratamiento y revestimiento de metales; maquinado,C,Industrias manufactureras,"Fabricación de productos elaborados de metal, excepto maquinaria y equipo"
HND,2593,7.0,2019,53,3,0,-1.1439451466634083,2.5177848563327854,0.14610729130333344,0.02175665854353447,1.3399793134936695,0.004866767037491415,0.8538927086966666,"Fabricación de artículos de cuchillería, herramientas de mano y artículos de ferretería","Fabricación de artículos de cuchillería, herramientas de mano y artículos de ferretería",C,Industrias manufactureras,"Fabricación de productos elaborados de metal, excepto maquinaria y equipo"
HND,2599,10157.0,2019,53,7,1,-1.1439451466634083,-4.007814771296953,0.33655028432107675,0.02175665854353447,-0.0,4.02066163067542,0.6634497156789232,Fabricación de otros productos elaborados de metal n.c.p.,Fabricación de otros productos elaborados de metal n.c.p.,C,Industrias manufactureras,"Fabricación de productos elaborados de metal, excepto maquinaria y equipo"
HND,2610,126.0,2019,53,2,0,-1.1439451466634083,1.7066762332605971,0.1934720046970814,0.02175665854353447,0.6494685974800524,0.05283649476349808,0.8065279953029186,Fabricación de componentes y tableros electrónicos,Fabricación de componentes y tableros electrónicos,C,Industrias manufactureras,"Fabricación de productos de informática, de electrónica y de óptica"
HND,2620,0.0,2019,53,7,0,-1.1439451466634083,-1.2876092922093714,0.24006335414211222,0.02175665854353447,0.632577317335332,0.0,0.7599366458578878,Fabricación de ordenadores (computadoras) y equipo periférico,Fabricación de ordenadores y equipo periférico,C,Industrias manufactureras,"Fabricación de productos de informática, de electrónica y de óptica"
HND,2630,5.0,2019,53,5,0,-1.1439451466634083,2.0079519728545376,0.20607265845450737,0.02175665854353447,1.0325207833599936,0.005312533645314708,0.7939273415454926,Fabricación de equipo de comunicaciones,Fabricación de equipo de comunicaciones,C,Industrias manufactureras,"Fabricación de productos de informática, de electrónica y de óptica"
HND,2640,24.0,2019,53,3,0,-1.1439451466634083,3.6495055922743114,0.16916912827027691,0.02175665854353447,1.4969177158396278,0.15745472434501695,0.830830871729723,Fabricación de aparatos electrónicos de consumo,Fabricación de aparatos electrónicos de consumo,C,Industrias manufactureras,"Fabricación de productos de informática, de electrónica y de óptica"
HND,2651,1629.0,2019,53,4,1,-1.1439451466634083,3.7751035154382198,0.2710186983972071,0.02175665854353447,0.0,1.0158765393052025,0.7289813016027928,"Fabricación de equipo de medición, prueba, navegación y control","Fabricación de equipo de medición, prueba, navegación y control",C,Industrias manufactureras,"Fabricación de productos de informática, de electrónica y de óptica"
HND,2652,7.0,2019,53,3,0,-1.1439451466634083,3.8221067736151997,0.1521970101629665,0.02175665854353447,1.4051340493620996,0.18159711715087412,0.8478029898370335,Fabricación de relojes,Fabricación de relojes,C,Industrias manufactureras,"Fabricación de productos de informática, de electrónica y de óptica"
HND,2660,1.0,2019,53,6,0,-1.1439451466634083,4.567590992757568,0.1723982221179381,0.02175665854353447,1.7491176749778634,0.0030480286174938685,0.8276017778820619,Fabricación de equipo de irradiación y equipo electrónico de uso médico y terapéutico,Fabricación de equipo de irradiación y equipo electrónico de uso médico y terapéutico,C,Industrias manufactureras,"Fabricación de productos de informática, de electrónica y de óptica"
HND,2670,1.0,2019,53,3,0,-1.1439451466634083,3.173543807512519,0.17609759376046416,0.02175665854353447,1.4380097873011095,0.003815972787410329,0.8239024062395358,Fabricación de instrumentos ópticos y equipo fotográfico,Fabricación de instrumentos ópticos y equipo fotográfico,C,Industrias manufactureras,"Fabricación de productos de informática, de electrónica y de óptica"
HND,2710,8.0,2019,53,6,0,-1.1439451466634083,1.8742498973113142,0.20276265772078372,0.02175665854353447,1.2345342401612607,0.0027905248573629263,0.7972373422792163,"Fabricación de motores, generadores y transformadores eléctricos y aparatos de distribución y control de la energía eléctrica","Fabricación de motores, generadores y transformadores eléctricos y aparatos de distribución y control de la energía eléctrica",C,Industrias manufactureras,Fabricación de equipo eléctrico
HND,2731,0.0,2019,53,7,0,-1.1439451466634083,1.699307079186545,0.21927959277259282,0.02175665854353447,0.9735165783669578,0.0,0.7807204072274072,Fabricación de cables de fibra óptica,Fabricación de cables de fibra óptica,C,Industrias manufactureras,Fabricación de equipo eléctrico
HND,2732,0.0,2019,53,10,0,-1.1439451466634083,-0.46656226776548587,0.26708906641856345,0.02175665854353447,0.4720165862715621,0.0,0.7329109335814366,Fabricación de otros hilos y cables eléctricos,Fabricación de otros hilos y cables eléctricos,C,Industrias manufactureras,Fabricación de equipo eléctrico
HND,2733,0.0,2019,53,4,0,-1.1439451466634083,2.36922102414649,0.16740149642583313,0.02175665854353447,1.2928516891876072,0.0,0.8325985035741669,Fabricación de dispositivos de cableado,Fabricación de dispositivos de cableado,C,Industrias manufactureras,Fabricación de equipo eléctrico
HND,2750,131.0,2019,53,8,0,-1.1439451466634083,-2.3571364460254776,0.27070919061559395,0.02175665854353447,0.2394244673037437,0.12633976217388013,0.729290809384406,Fabricación de aparatos de uso doméstico,Fabricación de aparatos de uso doméstico,C,Industrias manufactureras,Fabricación de equipo eléctrico
HND,2790,10.0,2019,53,6,0,-1.1439451466634083,-0.6968764759631695,0.20461125714976058,0.02175665854353447,0.7620071179999306,0.011092417647219039,0.7953887428502394,Fabricación de otros tipos de equipo eléctrico,Fabricación de otros tipos de equipo eléctrico,C,Industrias manufactureras,Fabricación de equipo eléctrico
HND,2811,71.0,2019,53,3,0,-1.1439451466634083,5.316947364030887,0.12769597122444404,0.02175665854353447,1.4920816098861849,0.07044043233943993,0.8723040287755559,"Fabricación de motores y turbinas, excepto motores para aeronaves, vehículos automotores y motocicletas","Fabricación de motores y turbinas, excepto motores para aeronaves, vehículos automotores y motocicletas",C,Industrias manufactureras,Fabricación de maquinaria y equipo n.c.p.
HND,2812,0.0,2019,53,4,0,-1.1439451466634083,2.5250931378021124,0.17930688964755548,0.02175665854353447,1.484612722296646,0.0,0.8206931103524445,Fabricación de equipo de propulsión de fluidos,Fabricación de equipo de propulsión de fluidos,C,Industrias manufactureras,Fabricación de maquinaria y equipo n.c.p.
HND,2813,0.0,2019,53,4,0,-1.1439451466634083,3.355709570682798,0.1626776261384244,0.02175665854353447,1.5995345134646355,0.0,0.8373223738615756,"Fabricación de otras bombas, compresores, grifos y válvulas","Fabricación de otras bombas, compresores, grifos y válvulas",C,Industrias manufactureras,Fabricación de maquinaria y equipo n.c.p.
HND,2814,0.0,2019,53,3,0,-1.1439451466634083,1.6868460196385044,0.15059313473894204,0.02175665854353447,1.2530937568319553,0.0,0.849406865261058,"Fabricación de cojinetes, engranajes, trenes de engranajes y piezas de transmisión","Fabricación de cojinetes, engranajes, trenes de engranajes y piezas de transmisión",C,Industrias manufactureras,Fabricación de maquinaria y equipo n.c.p.
HND,2815,1.0,2019,53,3,0,-1.1439451466634083,5.697378030245942,0.12925743839430284,0.02175665854353447,1.6344005449657808,0.0057876443258851945,0.8707425616056972,"Fabricación de hornos, hogares y quemadores","Fabricación de hornos, hogares y quemadores",C,Industrias manufactureras,Fabricación de maquinaria y equipo n.c.p.
HND,2816,29.0,2019,53,4,0,-1.1439451466634083,6.846838924462197,0.15683345093888224,0.02175665854353447,1.9226190298570967,0.020519691363057934,0.8431665490611178,Fabricación de equipo de elevación y manipulación,Fabricación de equipo de elevación y manipulación,C,Industrias manufactureras,Fabricación de maquinaria y equipo n.c.p.
HND,2817,34.0,2019,53,4,0,-1.1439451466634083,1.9817707370704745,0.2009036223911725,0.02175665854353447,1.2623956378371668,0.47767730972462036,0.7990963776088276,Fabricación de maquinaria y equipo de oficina [excepto ordenadores (computadoras) y equipo periférico],Fabricación de maquinaria y equipo de oficina (excepto ordenadores y equipo periférico),C,Industrias manufactureras,Fabricación de maquinaria y equipo n.c.p.
HND,2818,0.0,2019,53,3,0,-1.1439451466634083,1.3064153534234502,0.15069770908029312,0.02175665854353447,1.1107748217523588,0.0,0.8493022909197069,Fabricación de herramientas de mano motorizadas,Fabricación de herramientas de mano motorizadas,C,Industrias manufactureras,Fabricación de maquinaria y equipo n.c.p.
HND,2819,70.0,2019,53,2,0,-1.1439451466634083,5.004742908104998,0.11745671926951345,0.02175665854353447,1.435120178116349,0.027978839540658242,0.8825432807304865,Fabricación de otros tipos de maquinaria de uso general,Fabricación de otros tipos de maquinaria de uso general,C,Industrias manufactureras,Fabricación de maquinaria y equipo n.c.p.
HND,2821,0.0,2019,53,8,0,-1.1439451466634083,3.132363876184915,0.19763030544564839,0.02175665854353447,1.3855847652949276,0.0,0.8023696945543516,Fabricación de maquinaria agropecuaria y forestal,Fabricación de maquinaria agropecuaria y forestal,C,Industrias manufactureras,Fabricación de maquinaria y equipo n.c.p.
HND,2822,2.0,2019,53,2,0,-1.1439451466634083,5.004742908104998,0.11745671926951345,0.02175665854353447,1.435120178116349,0.0019363991724039842,0.8825432807304865,Fabricación de maquinaria para la conformación de metales y de máquinas herramienta,Fabricación de maquinaria para la conformación de metales y de máquinas herramienta,C,Industrias manufactureras,Fabricación de maquinaria y equipo n.c.p.
HND,2823,0.0,2019,53,3,0,-1.1439451466634083,1.6868460196385044,0.15059313473894204,0.02175665854353447,1.2530937568319553,0.0,0.849406865261058,Fabricación de maquinaria metalúrgica,Fabricación de maquinaria metalúrgica,C,Industrias manufactureras,Fabricación de maquinaria y equipo n.c.p.
HND,2824,0.0,2019,53,7,0,-1.1439451466634083,2.3013184361821732,0.21486019862263342,0.02175665854353447,1.2271339012867184,0.0,0.7851398013773666,Fabricación de maquinaria para la explotación de minas y canteras y para obras de construcción,Fabricación de maquinaria para la explotación de minas y canteras y para obras de construcción,C,Industrias manufactureras,Fabricación de maquinaria y equipo n.c.p.
HND,2825,9.0,2019,53,5,0,-1.1439451466634083,2.492795548805022,0.16695090073793772,0.02175665854353447,1.3328573479089545,0.01702682692793414,0.8330490992620623,"Fabricación de maquinaria para la elaboración de alimentos, bebidas y tabaco","Fabricación de maquinaria para la elaboración de alimentos, bebidas y tabaco",C,Industrias manufactureras,Fabricación de maquinaria y equipo n.c.p.
HND,2826,20.0,2019,53,4,0,-1.1439451466634083,2.2940048295886073,0.16588786343522974,0.02175665854353447,1.26611679045808,0.08712658509872559,0.8341121365647702,"Fabricación de maquinaria para la elaboración de productos textiles, prendas de vestir y cueros","Fabricación de maquinaria para la elaboración de productos textiles, prendas de vestir y cueros",C,Industrias manufactureras,Fabricación de maquinaria y equipo n.c.p.
HND,2829,0.0,2019,53,4,0,-1.1439451466634083,6.846838924462197,0.15683345093888224,0.02175665854353447,1.9226190298570967,0.0,0.8431665490611178,Fabricación de otros tipos de maquinaria de uso especial,Fabricación de otros tipos de maquinaria de uso especial,C,Industrias manufactureras,Fabricación de maquinaria y equipo n.c.p.
HND,2910,1.0,2019,53,2,0,-1.1439451466634083,6.961225784028622,0.12168879878000544,0.02175665854353447,1.4905215169745714,0.00020476047268362028,0.8783112012199945,Fabricación de vehículos automotores,Fabricación de vehículos automotores,C,Industrias manufactureras,"Fabricación de vehículos automotores, remolques y semirremolques"
HND,2920,0.0,2019,53,7,0,-1.1439451466634083,3.4970242686869213,0.19119904027044166,0.02175665854353447,1.4269584472914822,0.0,0.8088009597295583,Fabricación de carrocerías para vehículos automotores; fabricación de remolques y semirremolques,Fabricación de carrocerías para vehículos automotores; fabricación de remolques y semirremolques,C,Industrias manufactureras,"Fabricación de vehículos automotores, remolques y semirremolques"
HND,2930,50.0,2019,53,7,0,-1.1439451466634083,-2.8552754483557297,0.26455231584861033,0.02175665854353447,0.17020136305895153,0.009080515422008481,0.7354476841513897,"Fabricación de partes, piezas y accesorios para vehículos automotores","Fabricación de partes, piezas y accesorios para vehículos automotores",C,Industrias manufactureras,"Fabricación de vehículos automotores, remolques y semirremolques"
HND,3011,0.0,2019,53,5,0,-1.1439451466634083,1.1275797440431152,0.23382886304366748,0.02175665854353447,0.7161628218348307,0.0,0.7661711369563325,Construcción de buques y estructuras flotantes,Construcción de buques y estructuras flotantes,C,Industrias manufactureras,Fabricación de otro equipo de transporte
HND,3012,0.0,2019,53,6,0,-1.1439451466634083,2.1624173280504597,0.20868427304314588,0.02175665854353447,0.9774582257594306,0.0,0.7913157269568541,Construcción de embarcaciones de recreo y de deporte,Construcción de embarcaciones de recreo y de deporte,C,Industrias manufactureras,Fabricación de otro equipo de transporte
HND,3020,0.0,2019,53,8,0,-1.1439451466634083,-2.3809895637657976,0.25985670420762247,0.02175665854353447,0.10662446399179616,0.0,0.7401432957923775,Fabricación de locomotoras y material rodante,Fabricación de locomotoras y material rodante,C,Industrias manufactureras,Fabricación de otro equipo de transporte
HND,3030,0.0,2019,53,5,0,-1.1439451466634083,0.6117690058382331,0.219006847101937,0.02175665854353447,0.9400792252655111,0.0,0.780993152898063,"Fabricación de aeronaves, naves espaciales y maquinaria conexa","Fabricación de aeronaves, naves espaciales y maquinaria conexa",C,Industrias manufactureras,Fabricación de otro equipo de transporte
HND,3040,0.0,2019,53,2,0,-1.1439451466634083,6.702324012017281,0.14621288140506686,0.02175665854353447,1.5859125204299218,0.0,0.8537871185949332,Fabricación de vehículos militares de combate,Fabricación de vehículos militares de combate,C,Industrias manufactureras,Fabricación de otro equipo de transporte
HND,3091,0.0,2019,53,3,0,-1.1439451466634083,-0.6292818489665456,0.2059707686323252,0.02175665854353447,0.4560597061720894,0.0,0.7940292313676748,Fabricación de motocicletas,Fabricación de motocicletas,C,Industrias manufactureras,Fabricación de otro equipo de transporte
HND,3092,67.0,2019,53,6,0,-1.1439451466634083,-1.3827330530817794,0.23002789195983978,0.02175665854353447,0.3962668856898528,0.5555839449783849,0.7699721080401603,Fabricación de bicicletas y vehículos de transporte para personas con discapacidad física,Fabricación de bicicletas y de sillones de ruedas para inválidos,C,Industrias manufactureras,Fabricación de otro equipo de transporte
HND,3099,12.0,2019,53,6,0,-1.1439451466634083,1.036357846571663,0.22922535515868528,0.02175665854353447,0.819900756112223,0.7064983133843429,0.7707746448413147,Fabricación de otros tipos de equipo de transporte n.c.p.,Fabricación de otros tipos de equipo de transporte n.c.p.,C,Industrias manufactureras,Fabricación de otro equipo de transporte
HND,3100,454.0,2019,53,8,0,-1.1439451466634083,-3.651289674227416,0.2773381347119163,0.02175665854353447,-0.09352456219657965,0.12228255957830556,0.7226618652880836,Fabricación de muebles,Fabricación de muebles,C,Industrias manufactureras,Fabricación de muebles
HND,3211,148.0,2019,53,6,0,-1.1439451466634083,-0.682976406185937,0.22479268916940046,0.02175665854353447,0.7329283751261063,0.732778198143554,0.7752073108305996,Fabricación de joyas y artículos conexos,Fabricación de joyas y artículos conexos,C,Industrias manufactureras,Otras industrias manufactureras
HND,3212,37.0,2019,53,8,1,-1.1439451466634083,-2.0666413124030547,0.3351847763590569,0.02175665854353447,0.0,1.7082685222558502,0.664815223640943,Fabricación de bisutería y artículos conexos,Fabricación de bisutería y artículos conexos,C,Industrias manufactureras,Otras industrias manufactureras
HND,3220,0.0,2019,53,3,0,-1.1439451466634083,2.9911679369209203,0.1571222806318715,0.02175665854353447,1.3182484927003852,0.0,0.8428777193681285,Fabricación de instrumentos de música,Fabricación de instrumentos de música,C,Industrias manufactureras,Otras industrias manufactureras
HND,3230,0.0,2019,53,9,0,-1.1439451466634083,1.0519400252112094,0.24352845924206878,0.02175665854353447,0.8211580297329576,0.0,0.7564715407579312,Fabricación de artículos de deporte,Fabricación de artículos de deporte,C,Industrias manufactureras,Otras industrias manufactureras
HND,3240,0.0,2019,53,5,0,-1.1439451466634083,-0.8903747563342974,0.20197728068686926,0.02175665854353447,0.7434733814377698,0.0,0.7980227193131307,Fabricación de juegos y juguetes,Fabricación de juegos y juguetes,C,Industrias manufactureras,Otras industrias manufactureras
HND,3250,119.0,2019,53,4,0,-1.1439451466634083,3.485160456688467,0.14946497752831892,0.02175665854353447,1.5212383250643633,0.05989051823211935,0.8505350224716811,Fabricación de instrumentos y materiales médicos y odontológicos,Fabricación de instrumentos y materiales médicos y odontológicos,C,Industrias manufactureras,Otras industrias manufactureras
HND,3290,104.0,2019,53,7,0,-1.1439451466634083,-1.697949176347892,0.2779364257097069,0.02175665854353447,0.33040111679673306,0.17401531986124652,0.7220635742902931,Otras industrias manufactureras n.c.p.,Otras industrias manufactureras n.c.p.,C,Industrias manufactureras,Otras industrias manufactureras
HND,3510,6969.0,2019,53,13,1,-1.1439451466634083,-0.06653641268568447,0.3211583552901931,0.02175665854353447,0.0,2.8282322106407816,0.6788416447098069,"Generación, transmisión y distribución de energía eléctrica","Generación, transmisión y distribución de energía eléctrica",D,"Suministro de electricidad, gas, vapor y aire acondicionado","Suministro de electricidad, gas, vapor y aire acondicionado"
HND,3530,56.0,2019,53,8,0,-1.1439451466634083,-1.4404866933729528,0.2570161168299498,0.02175665854353447,0.32107578891644495,0.11447954643668824,0.7429838831700502,Suministro de vapor y de aire acondicionado,Suministro de vapor y de aire acondicionado,D,"Suministro de electricidad, gas, vapor y aire acondicionado","Suministro de electricidad, gas, vapor y aire acondicionado"
HND,3600,3131.0,2019,53,13,1,-1.1439451466634083,-2.961282876225434,0.36143548006605325,0.02175665854353447,-0.0,1.9069886135185394,0.6385645199339467,"Captación, tratamiento y distribución de agua","Captación, tratamiento y distribución de agua",E,"Suministro de agua; evacuación de aguas residuales, gestión de desechos y descontaminación","Captación, tratamiento y distribución de agua"
HND,3700,615.0,2019,53,6,0,-1.1439451466634083,0.9732307940373183,0.24520584297874418,0.02175665854353447,0.9850635481779559,0.9075555886684409,0.7547941570212559,Evacuación de aguas residuales,Evacuación de aguas residuales,E,"Suministro de agua; evacuación de aguas residuales, gestión de desechos y descontaminación",Evacuación de aguas residuales
HND,3811,87.0,2019,53,9,0,-1.1439451466634083,-2.0328083096305067,0.26763690882625923,0.02175665854353447,0.1957407412945208,0.03314325881157633,0.7323630911737408,Recolección de desechos no peligrosos,Recogida de desechos no peligrosos,E,"Suministro de agua; evacuación de aguas residuales, gestión de desechos y descontaminación","Recogida, tratamiento y eliminación de desechos; recuperación de materiales"
HND,3812,0.0,2019,53,8,0,-1.1439451466634083,0.6046090926635133,0.26413427798705413,0.02175665854353447,0.6527496696293887,0.0,0.7358657220129459,Recolección de desechos peligrosos,Recogida de desechos peligrosos,E,"Suministro de agua; evacuación de aguas residuales, gestión de desechos y descontaminación","Recogida, tratamiento y eliminación de desechos; recuperación de materiales"
HND,3821,14.0,2019,53,5,0,-1.1439451466634083,1.655576493410057,0.22840698684941727,0.02175665854353447,0.8957218170282389,0.015657904309047777,0.7715930131505827,Tratamiento y eliminación de desechos no peligrosos,Tratamiento y eliminación de desechos no peligrosos,E,"Suministro de agua; evacuación de aguas residuales, gestión de desechos y descontaminación","Recogida, tratamiento y eliminación de desechos; recuperación de materiales"
HND,3822,44.0,2019,53,9,0,-1.1439451466634083,0.8152112738751167,0.23362902339318328,0.02175665854353447,0.9936942121942672,0.3564344591625326,0.7663709766068167,Tratamiento y eliminación de desechos peligrosos,Tratamiento y eliminación de desechos peligrosos,E,"Suministro de agua; evacuación de aguas residuales, gestión de desechos y descontaminación","Recogida, tratamiento y eliminación de desechos; recuperación de materiales"
HND,3830,360.0,2019,53,6,0,-1.1439451466634083,-1.7790243667559917,0.24280962193234404,0.02175665854353447,0.34034571815065306,0.3846713574348035,0.757190378067656,Recuperación de materiales,Recuperación de materiales,E,"Suministro de agua; evacuación de aguas residuales, gestión de desechos y descontaminación","Recogida, tratamiento y eliminación de desechos; recuperación de materiales"
HND,4220,24.0,2019,53,13,0,-1.1439451466634083,-0.15644524717340932,0.2889243886712922,0.02175665854353447,0.45947892647215954,0.015233070844799588,0.7110756113287078,Construcción de proyectos de servicio público,Construcción de proyectos de servicio público,F,Construcción,Obras de ingeniería civil
HND,4290,2419.0,2019,53,13,1,-1.1439451466634083,-2.191487822859847,0.3408150348118215,0.02175665854353447,0.0,2.3116583783788527,0.6591849651881785,Construcción de otras obras de ingeniería civil,Construcción de otras obras de ingeniería civil,F,Construcción,Obras de ingeniería civil
HND,4311,0.0,2019,53,6,0,-1.1439451466634083,1.9908343517062317,0.2038116215882778,0.02175665854353447,1.135459852713331,0.0,0.7961883784117222,Demolición,Demolición,F,Construcción,Actividades especializadas de construcción
HND,4312,170.0,2019,53,7,0,-1.1439451466634083,2.048680425037045,0.23525214143563028,0.02175665854353447,0.8866767804498188,0.1387746981287367,0.7647478585643697,Preparación del terreno,Preparación del terreno,F,Construcción,Actividades especializadas de construcción
HND,4390,596.0,2019,53,6,0,-1.1439451466634083,4.59950460825723,0.18842017664930785,0.02175665854353447,1.4982581126285068,0.11417526359662611,0.8115798233506921,Otras actividades especializadas de construcción,Otras actividades especializadas de construcción,F,Construcción,Actividades especializadas de construcción
HND,4530,3434.0,2019,53,15,1,-1.1439451466634083,-1.9439072972021698,0.344364937388193,0.02175665854353447,0.0,1.3121563047151128,0.655635062611807,"Venta de partes, piezas y accesorios para vehículos automotores","Venta de partes, piezas y accesorios para vehículos automotores",G,Comercio al por mayor y al por menor; reparación de vehículos automotores y motocicletas,Comercio al por mayor y al por menor y reparación de vehículos automotores y motocicletas
HND,4540,929.0,2019,53,8,1,-1.1439451466634083,-1.0931205575125644,0.3550130349429919,0.02175665854353447,0.0,2.8820766838435907,0.6449869650570081,"Venta, mantenimiento y reparación de motocicletas y sus partes, piezas y accesorios","Venta, mantenimiento y reparación de motocicletas y sus partes, piezas y accesorios",G,Comercio al por mayor y al por menor; reparación de vehículos automotores y motocicletas,Comercio al por mayor y al por menor y reparación de vehículos automotores y motocicletas
HND,4610,1055.0,2019,53,8,0,-1.1439451466634083,-1.5787465528492195,0.2641436825829795,0.02175665854353447,0.2654526863917205,0.5138909199508392,0.7358563174170205,Venta al por mayor a cambio de una retribución o por contrato,Venta al por mayor a cambio de una retribución o por contrata,G,Comercio al por mayor y al por menor; reparación de vehículos automotores y motocicletas,"Comercio al por mayor, excepto el de vehículos automotores y motocicletas"
HND,4620,1182.0,2019,53,9,0,-1.1439451466634083,-0.7390313261664947,0.2952744259519014,0.02175665854353447,0.4043978902997842,0.8375367412025486,0.7047255740480987,Venta al por mayor de materias primas agropecuarias y animales vivos,Venta al por mayor de materias primas agropecuarias y animales vivos,G,Comercio al por mayor y al por menor; reparación de vehículos automotores y motocicletas,"Comercio al por mayor, excepto el de vehículos automotores y motocicletas"
HND,4630,7388.0,2019,53,7,0,-1.1439451466634083,0.23824174232443704,0.26948899958617134,0.02175665854353447,0.633718553577918,0.8538258571650741,0.7305110004138287,"Venta al por mayor de alimentos, bebidas y tabaco","Venta al por mayor de alimentos, bebidas y tabaco",G,Comercio al por mayor y al por menor; reparación de vehículos automotores y motocicletas,"Comercio al por mayor, excepto el de vehículos automotores y motocicletas"
HND,4641,1284.0,2019,53,10,0,-1.1439451466634083,0.9139545261846929,0.2843491758392492,0.02175665854353447,0.7825968017090077,0.6698681658578303,0.7156508241607509,"Venta al por mayor de productos textiles, prendas de vestir y calzado","Venta al por mayor de productos textiles, prendas de vestir y calzado",G,Comercio al por mayor y al por menor; reparación de vehículos automotores y motocicletas,"Comercio al por mayor, excepto el de vehículos automotores y motocicletas"
HND,4649,1776.0,2019,53,7,0,-1.1439451466634083,0.820926884691254,0.2658877514232711,0.02175665854353447,0.714573062270958,0.23685411018077238,0.7341122485767289,Venta al por mayor de otros enseres domésticos,Venta al por mayor de otros enseres domésticos,G,Comercio al por mayor y al por menor; reparación de vehículos automotores y motocicletas,"Comercio al por mayor, excepto el de vehículos automotores y motocicletas"
HND,4651,358.0,2019,53,9,0,-1.1439451466634083,3.385380229568081,0.24485434881306964,0.02175665854353447,1.3187824656390896,0.25543796974515687,0.7551456511869303,"Venta al por mayor de ordenadores (computadoras), equipo periférico y programas de informática","Venta al por mayor de ordenadores, equipo periférico y programas de informática",G,Comercio al por mayor y al por menor; reparación de vehículos automotores y motocicletas,"Comercio al por mayor, excepto el de vehículos automotores y motocicletas"
HND,4652,783.0,2019,53,6,0,-1.1439451466634083,2.085304014056718,0.24543823496310324,0.02175665854353447,0.963976734872934,0.739369090735116,0.7545617650368968,"Venta al por mayor de equipo, partes y piezas electrónicos y de telecomunicaciones","Venta al por mayor de equipo, partes y piezas electrónicos y de telecomunicaciones",G,Comercio al por mayor y al por menor; reparación de vehículos automotores y motocicletas,"Comercio al por mayor, excepto el de vehículos automotores y motocicletas"
HND,4653,2262.0,2019,53,9,1,-1.1439451466634083,1.186021610419572,0.31653392364682864,0.02175665854353447,0.0,3.380727590732779,0.6834660763531714,"Venta al por mayor de maquinaria, equipo y materiales agropecuarios","Venta al por mayor de maquinaria, equipo y materiales agropecuarios",G,Comercio al por mayor y al por menor; reparación de vehículos automotores y motocicletas,"Comercio al por mayor, excepto el de vehículos automotores y motocicletas"
HND,4659,1468.0,2019,53,8,0,-1.1439451466634083,3.1109556888999403,0.25112671905043576,0.02175665854353447,1.1351728891280772,0.29996106320541477,0.7488732809495642,Venta al por mayor de otros tipos de maquinaria y equipo,Venta al por mayor de otros tipos de maquinaria y equipo,G,Comercio al por mayor y al por menor; reparación de vehículos automotores y motocicletas,"Comercio al por mayor, excepto el de vehículos automotores y motocicletas"
HND,4661,2546.0,2019,53,13,1,-1.1439451466634083,-2.2498978676060792,0.363553468880956,0.02175665854353447,0.0,3.1431539150623715,0.6364465311190439,"Venta al por mayor de combustibles sólidos, líquidos y gaseosos y productos conexos","Venta al por mayor de combustibles sólidos, líquidos y gaseosos y productos conexos",G,Comercio al por mayor y al por menor; reparación de vehículos automotores y motocicletas,"Comercio al por mayor, excepto el de vehículos automotores y motocicletas"
HND,4662,308.0,2019,53,3,0,-1.1439451466634083,6.768235807773656,0.15009622441092493,0.02175665854353447,1.774563671725191,0.3572073439287757,0.849903775589075,Venta al por mayor de metales y minerales metalíferos,Venta al por mayor de metales y minerales metalíferos,G,Comercio al por mayor y al por menor; reparación de vehículos automotores y motocicletas,"Comercio al por mayor, excepto el de vehículos automotores y motocicletas"
HND,4663,1522.0,2019,53,9,0,-1.1439451466634083,2.874073420071197,0.23669982264319983,0.02175665854353447,1.2011569875063335,0.29521900261211526,0.7633001773568002,"Venta al por mayor de materiales de construcción, artículos de ferretería y equipo y materiales de fontanería y calefacción","Venta al por mayor de materiales de construcción, artículos de ferretería y equipo y materiales de fontanería y calefacción",G,Comercio al por mayor y al por menor; reparación de vehículos automotores y motocicletas,"Comercio al por mayor, excepto el de vehículos automotores y motocicletas"
HND,4669,444.0,2019,53,11,0,-1.1439451466634083,-0.30471323991342114,0.2868859822679487,0.02175665854353447,0.4878692724718785,0.22339483381440395,0.7131140177320513,"Venta al por mayor de desperdicios, desechos y chatarra y otros productos n.c.p.","Venta al por mayor de desperdicios, desechos y chatarra y otros productos n.c.p.",G,Comercio al por mayor y al por menor; reparación de vehículos automotores y motocicletas,"Comercio al por mayor, excepto el de vehículos automotores y motocicletas"
HND,4911,21.0,2019,53,7,0,-1.1439451466634083,-1.008658786476192,0.24937129180881304,0.02175665854353447,0.3103427209075929,0.03424105319672496,0.750628708191187,Transporte interurbano de pasajeros por ferrocarril,Transporte interurbano de pasajeros por ferrocarril,H,Transporte y almacenamiento,Transporte por vía terrestre y transporte por tuberías
HND,4922,860.0,2019,53,10,0,-1.1439451466634083,0.504532240395265,0.26552736532548876,0.02175665854353447,0.7903276236524909,0.29400032843629087,0.7344726346745112,Otras actividades de transporte por vía terrestre,Otras actividades de transporte por vía terrestre,H,Transporte y almacenamiento,Transporte por vía terrestre y transporte por tuberías
HND,4923,2794.0,2019,53,12,0,-1.1439451466634083,0.07537367127554344,0.2736830340156762,0.02175665854353447,0.5569137255497327,0.2224785913057161,0.7263169659843238,Transporte de carga por carretera,Transporte de carga por carretera,H,Transporte y almacenamiento,Transporte por vía terrestre y transporte por tuberías
HND,4930,0.0,2019,53,9,0,-1.1439451466634083,-1.4231955740195155,0.28797300045789603,0.02175665854353447,0.186688507924225,0.0,0.712026999542104,Transporte por tuberías,Transporte por tuberías,H,Transporte y almacenamiento,Transporte por vía terrestre y transporte por tuberías
HND,5011,576.0,2019,53,7,1,-1.1439451466634083,-0.19908172492540518,0.3238264908320159,0.02175665854353447,0.0,1.3257507101890658,0.6761735091679841,Transporte de pasajeros marítimo y de cabotaje,Transporte de pasajeros marítimo y de cabotaje,H,Transporte y almacenamiento,Transporte por vía acuática
HND,5012,96.0,2019,53,6,0,-1.1439451466634083,3.1287123135542174,0.24421174095601417,0.02175665854353447,1.0306903865847186,0.22308142189671076,0.7557882590439858,Transporte de carga marítimo y de cabotaje,Transporte de carga marítimo y de cabotaje,H,Transporte y almacenamiento,Transporte por vía acuática
HND,5021,61.0,2019,53,5,0,-1.1439451466634083,4.168140245208049,0.1559551568979051,0.02175665854353447,1.6165172178903044,0.8579623332965746,0.8440448431020949,Transporte de pasajeros por vías de navegación interiores,Transporte de pasajeros por vías de navegación interiores,H,Transporte y almacenamiento,Transporte por vía acuática
HND,5022,0.0,2019,53,6,0,-1.1439451466634083,-2.1760951663200596,0.2731909137322621,0.02175665854353447,0.17170660568782775,0.0,0.7268090862677379,Transporte de carga por vías de navegación interiores,Transporte de carga por vías de navegación interiores,H,Transporte y almacenamiento,Transporte por vía acuática
HND,5110,1009.0,2019,53,10,1,-1.1439451466634083,0.30028451789424954,0.3322939339256929,0.02175665854353447,0.0,1.4690381542873037,0.667706066074307,Transporte de pasajeros por vía aérea,Transporte de pasajeros por vía aérea,H,Transporte y almacenamiento,Transporte por vía aérea
HND,5120,6.0,2019,53,6,0,-1.1439451466634083,1.3323888108760396,0.23331983377529053,0.02175665854353447,0.8872814934534858,0.12012905486915075,0.7666801662247095,Transporte de carga por vía aérea,Transporte de carga por vía aérea,H,Transporte y almacenamiento,Transporte por vía aérea
HND,5210,210.0,2019,53,9,0,-1.1439451466634083,1.4821595094945503,0.24886408685465455,0.02175665854353447,0.9701091276469439,0.16924541470839305,0.7511359131453454,Almacenamiento y depósito,Almacenamiento y depósito,H,Transporte y almacenamiento,Almacenamiento y actividades de apoyo al transporte
HND,5221,520.0,2019,53,8,0,-1.1439451466634083,-2.5694907882955187,0.29024207542968317,0.02175665854353447,-0.0033425461310200464,0.2809795912871882,0.7097579245703168,Actividades de servicios vinculadas al transporte terrestre,Actividades de servicios vinculadas al transporte terrestre,H,Transporte y almacenamiento,Almacenamiento y actividades de apoyo al transporte
HND,5222,1560.0,2019,53,11,1,-1.1439451466634083,-0.5438320127382059,0.33246031005808524,0.02175665854353447,0.0,3.0603195129865384,0.6675396899419148,Actividades de servicios vinculadas al transporte acuático,Actividades de servicios vinculadas al transporte acuático,H,Transporte y almacenamiento,Almacenamiento y actividades de apoyo al transporte
HND,5223,540.0,2019,53,12,0,-1.1439451466634083,0.14376906165392567,0.270391299456934,0.02175665854353447,0.6408986687160719,0.45256648926752246,0.729608700543066,Actividades de servicios vinculadas al transporte aéreo,Actividades de servicios vinculadas al transporte aéreo,H,Transporte y almacenamiento,Almacenamiento y actividades de apoyo al transporte
HND,5224,692.0,2019,53,9,0,-1.1439451466634083,0.4543789714364334,0.27980460515956995,0.02175665854353447,0.6086261174707854,0.6396358019585812,0.72019539484043,Manipulación de la carga,Manipulación de la carga,H,Transporte y almacenamiento,Almacenamiento y actividades de apoyo al transporte
HND,5229,1871.0,2019,53,5,0,-1.1439451466634083,3.3877322981193596,0.17497582906265527,0.02175665854353447,1.3669359772893177,0.3954844107170136,0.8250241709373447,Otras actividades de apoyo al transporte,Otras actividades de apoyo al transporte,H,Transporte y almacenamiento,Almacenamiento y actividades de apoyo al transporte
HND,5510,6009.0,2019,53,7,0,-1.1439451466634083,-1.0274569626795553,0.2610487654509285,0.02175665854353447,0.3008372793254538,0.6465131945233419,0.7389512345490715,Actividades de alojamiento para estancias cortas,Actividades de alojamiento para estancias cortas,I,Actividades de alojamiento y de servicio de comidas,Actividades de alojamiento
HND,5520,6.0,2019,53,7,0,-1.1439451466634083,0.16921782046546474,0.2516074894253603,0.02175665854353447,0.5415377644343191,0.025116638830282693,0.7483925105746396,"Actividades de campamentos, parques de vehículos recreativos y parques de caravanas","Actividades de campamentos, parques de vehículos recreativos y parques de caravanas",I,Actividades de alojamiento y de servicio de comidas,Actividades de alojamiento
HND,5590,147.0,2019,53,9,0,-1.1439451466634083,-1.4689791517892248,0.28409629871733594,0.02175665854353447,0.33428174109474995,0.8345862281396146,0.7159037012826641,Otras actividades de alojamiento,Otras actividades de alojamiento,I,Actividades de alojamiento y de servicio de comidas,Actividades de alojamiento
HND,5911,924.0,2019,53,8,1,-1.1439451466634083,1.3025671730962238,0.339840197358802,0.02175665854353447,0.0,1.1657130971256529,0.660159802641198,"Actividades de producción de películas cinematográficas, videos y programas de televisión","Actividades de producción de películas cinematográficas, vídeos y programas de televisión",J,Información y comunicaciones,"Actividades de producción de películas cinematográficas, vídeos y programas de televisión, grabación de sonido y edición de música"
HND,5912,4.0,2019,53,4,0,-1.1439451466634083,2.038122106549942,0.20850213924107727,0.02175665854353447,0.7819663464225882,0.03432624014474316,0.7914978607589227,"Actividades de postproducción de películas cinematográficas, videos y programas de televisión","Actividades de postproducción de películas cinematográficas, vídeos y programas de televisión",J,Información y comunicaciones,"Actividades de producción de películas cinematográficas, vídeos y programas de televisión, grabación de sonido y edición de música"
HND,5913,0.0,2019,53,7,0,-1.1439451466634083,1.292686059699514,0.24160416294715542,0.02175665854353447,0.847631549854367,0.0,0.7583958370528445,"Actividades de distribución de películas cinematográficas, videos y programas de televisión","Actividades de distribución de películas cinematográficas, vídeos y programas de televisión",J,Información y comunicaciones,"Actividades de producción de películas cinematográficas, vídeos y programas de televisión, grabación de sonido y edición de música"
HND,5914,566.0,2019,53,9,1,-1.1439451466634083,1.9019909603976606,0.32510635943389565,0.02175665854353447,0.0,1.56409812194375,0.6748936405661043,Actividades de exhibición de películas cinematográficas y cintas de video,Actividades de exhibición de películas cinematográficas y cintas de vídeo,J,Información y comunicaciones,"Actividades de producción de películas cinematográficas, vídeos y programas de televisión, grabación de sonido y edición de música"
HND,5920,4.0,2019,53,9,0,-1.1439451466634083,2.881310263233444,0.23221967283496464,0.02175665854353447,1.2833397885608369,0.03962605726255713,0.7677803271650354,Actividades de grabación de sonido y edición de música,Actividades de grabación de sonido y edición de música,J,Información y comunicaciones,"Actividades de producción de películas cinematográficas, vídeos y programas de televisión, grabación de sonido y edición de música"
HND,6190,86.0,2019,53,10,0,-1.1439451466634083,-1.038736665081393,0.2853181836778297,0.02175665854353447,0.33395924152881407,0.18224323011117954,0.7146818163221703,Otras actividades de telecomunicaciones,Otras actividades de telecomunicaciones,J,Información y comunicaciones,Telecomunicaciones
HND,6201,904.0,2019,53,10,0,-1.1439451466634083,0.04040493957847608,0.25514915220075074,0.02175665854353447,0.6478266225924556,0.16437106248233457,0.7448508477992493,Programación informática,Programación informática,J,Información y comunicaciones,"Programación informática, consultoría de informática y actividades conexas"
HND,6202,1127.0,2019,53,7,0,-1.1439451466634083,3.230173016297005,0.2167780971509246,0.02175665854353447,1.0920495999955575,0.20790477564829604,0.7832219028490754,Consultoría de informática y gestión de instalaciones informáticas,Consultoría de informática y gestión de instalaciones informáticas,J,Información y comunicaciones,"Programación informática, consultoría de informática y actividades conexas"
HND,6209,1318.0,2019,53,7,0,-1.1439451466634083,1.211185091682736,0.21433082956445892,0.02175665854353447,0.9725760646428502,0.7748249589307841,0.7856691704355411,Otras actividades de tecnología de la información y de servicios informáticos,Otras actividades de tecnología de la información y de servicios informáticos,J,Información y comunicaciones,"Programación informática, consultoría de informática y actividades conexas"
HND,6311,81.0,2019,53,7,0,-1.1439451466634083,0.5228355843968971,0.22345448119295147,0.02175665854353447,0.7394964093993319,0.06605284687156264,0.7765455188070485,"Procesamiento de datos, hospedaje y actividades conexas","Procesamiento de datos, hospedaje y actividades conexas",J,Información y comunicaciones,Actividades de servicios de información
HND,6810,1456.0,2019,53,10,0,-1.1439451466634083,0.9058408549203972,0.25680750793073825,0.02175665854353447,0.8348936616372327,0.39275502447675764,0.7431924920692617,Actividades inmobiliarias realizadas con bienes propios o arrendados,Actividades inmobiliarias realizadas con bienes propios o arrendados,L,Actividades inmobiliarias,Actividades inmobiliarias
HND,6910,1120.0,2019,53,8,0,-1.1439451466634083,2.7563132126281165,0.2522184207116783,0.02175665854353447,1.310621929186617,0.33596638430669484,0.7477815792883217,Actividades jurídicas,Actividades jurídicas,M,"Actividades profesionales, científicas y técnicas",Actividades jurídicas y de contabilidad
HND,6920,1248.0,2019,53,10,0,-1.1439451466634083,2.6658366074933992,0.2337628082913631,0.02175665854353447,1.1478086668343432,0.19980856485767973,0.7662371917086369,"Actividades de contabilidad, teneduría de libros y auditoría; consultoría fiscal","Actividades de contabilidad, teneduría de libros y auditoría; consultoría fiscal",M,"Actividades profesionales, científicas y técnicas",Actividades jurídicas y de contabilidad
HND,7010,2105.0,2019,53,4,0,-1.1439451466634083,4.649051896018452,0.16276838039201474,0.02175665854353447,1.4105424562198827,0.992278626277003,0.8372316196079852,Actividades de oficinas principales,Actividades de oficinas principales,M,"Actividades profesionales, científicas y técnicas",Actividades de oficinas principales; actividades de consultoría de gestión
HND,7020,555.0,2019,53,12,0,-1.1439451466634083,0.18456285393284028,0.29054653929471935,0.02175665854353447,0.548385638179042,0.11506128827556449,0.7094534607052807,Actividades de consultoría de gestión,Actividades de consultoría de gestión,M,"Actividades profesionales, científicas y técnicas",Actividades de oficinas principales; actividades de consultoría de gestión
HND,7110,1164.0,2019,53,8,0,-1.1439451466634083,3.687915204907178,0.22669358863108097,0.02175665854353447,1.4584056557126788,0.14080218631483662,0.773306411368919,Actividades de arquitectura e ingeniería y actividades conexas de consultoría técnica,Actividades de arquitectura e ingeniería y actividades conexas de consultoría técnica,M,"Actividades profesionales, científicas y técnicas",Actividades de arquitectura e ingeniería; ensayos y análisis técnicos
HND,7210,111.0,2019,53,8,0,-1.1439451466634083,2.727343442471753,0.21131098672454796,0.02175665854353447,1.1930738263168823,0.055149749451619025,0.788689013275452,Investigaciones y desarrollo experimental en el campo de las ciencias naturales y la ingeniería,Investigaciones y desarrollo experimental en el campo de las ciencias naturales y la ingeniería,M,"Actividades profesionales, científicas y técnicas",Investigación científica y desarrollo
HND,7220,134.0,2019,53,9,1,-1.1439451466634083,1.4958263720339582,0.3025961976421973,0.02175665854353447,0.0,1.090146135634685,0.6974038023578026,Investigaciones y desarrollo experimental en el campo de las ciencias sociales y las humanidades,Investigaciones y desarrollo experimental en el campo de las ciencias sociales y las humanidades,M,"Actividades profesionales, científicas y técnicas",Investigación científica y desarrollo
HND,7310,1745.0,2019,53,10,0,-1.1439451466634083,2.466273609205742,0.26736812110780417,0.02175665854353447,1.079681386559189,0.5915407286581309,0.7326318788921958,Publicidad,Publicidad,M,"Actividades profesionales, científicas y técnicas",Publicidad y estudios de mercado
HND,7320,1237.0,2019,53,12,1,-1.1439451466634083,-0.370569893021205,0.35010221700747557,0.02175665854353447,0.0,2.5306963144153256,0.6498977829925244,Estudios de mercado y encuestas de opinión pública,Estudios de mercado y encuestas de opinión pública,M,"Actividades profesionales, científicas y técnicas",Publicidad y estudios de mercado
HND,7410,74.0,2019,53,8,0,-1.1439451466634083,1.7521209105000042,0.23613826540550387,0.02175665854353447,0.9187223223534703,0.13238050600125625,0.7638617345944961,Actividades especializadas de diseño,Actividades especializadas de diseño,M,"Actividades profesionales, científicas y técnicas","Otras actividades profesionales, científicas y técnicas"
HND,7490,473.0,2019,53,10,0,-1.1439451466634083,0.9130428861552501,0.25385525309468837,0.02175665854353447,0.6949869548578577,0.28487689451798853,0.7461447469053116,"Otras actividades profesionales, científicas y técnicas n.c.p.","Otras actividades profesionales, científicas y técnicas n.c.p.",M,"Actividades profesionales, científicas y técnicas","Otras actividades profesionales, científicas y técnicas"
HND,7710,795.0,2019,53,9,1,-1.1439451466634083,-0.7675987001519619,0.3495832565840271,0.02175665854353447,0.0,1.080641646953273,0.6504167434159729,Alquiler y arrendamiento de vehículos automotores,Alquiler y arrendamiento de vehículos automotores,N,Actividades de servicios administrativos y de apoyo,Actividades de alquiler y arrendamiento
HND,7721,178.0,2019,53,6,1,-1.1439451466634083,0.5966220505281848,0.3263051110735597,0.02175665854353447,0.0,1.634924842316247,0.6736948889264402,Alquiler y arrendamiento de equipo recreativo y deportivo,Alquiler y arrendamiento de equipo recreativo y deportivo,N,Actividades de servicios administrativos y de apoyo,Actividades de alquiler y arrendamiento
HND,7730,508.0,2019,53,10,0,-1.1439451466634083,1.073909628095835,0.28937219588252155,0.02175665854353447,0.732218631365906,0.47430816403645315,0.7106278041174785,"Alquiler y arrendamiento de otros tipos de maquinaria, equipo y bienes tangibles","Alquiler y arrendamiento de otros tipos de maquinaria, equipo y bienes tangibles",N,Actividades de servicios administrativos y de apoyo,Actividades de alquiler y arrendamiento
HND,7740,2.0,2019,53,5,0,-1.1439451466634083,6.446136710316293,0.1593743665549501,0.02175665854353447,1.7655853450643817,0.015350252495654672,0.8406256334450499,"Arrendamiento de propiedad intelectual y productos similares, excepto obras protegidas por derechos de autor","Arrendamiento de propiedad intelectual y productos similares, excepto obras protegidas por derechos de autor",N,Actividades de servicios administrativos y de apoyo,Actividades de alquiler y arrendamiento
HND,7810,5418.0,2019,53,8,1,-1.1439451466634083,-1.212658064925206,0.3468016736480786,0.02175665854353447,0.0,5.1037438158884925,0.6531983263519214,Actividades de agencias de empleo,Actividades de agencias de empleo,N,Actividades de servicios administrativos y de apoyo,Actividades de empleo
HND,7830,108.0,2019,53,9,0,-1.1439451466634083,-0.16228109316606895,0.27138348049110184,0.02175665854353447,0.5577091916765012,0.06047121010280252,0.7286165195088982,Otras actividades de dotación de recursos humanos,Otras actividades de dotación de recursos humanos,N,Actividades de servicios administrativos y de apoyo,Actividades de empleo
HND,7911,676.0,2019,53,10,0,-1.1439451466634083,-1.3921665759879789,0.31231017285104357,0.02175665854353447,0.21808697426935672,0.8009755543206343,0.6876898271489564,Actividades de agencias de viajes,Actividades de agencias de viajes,N,Actividades de servicios administrativos y de apoyo,Actividades de agencias de viajes y operadores turísticos y servicios de reservas y actividades conexas
HND,7912,203.0,2019,53,9,0,-1.1439451466634083,1.6742764372449919,0.2393377366008962,0.02175665854353447,1.0602837998239334,0.353478974574194,0.7606622633991038,Actividades de operadores turísticos,Actividades de operadores turísticos,N,Actividades de servicios administrativos y de apoyo,Actividades de agencias de viajes y operadores turísticos y servicios de reservas y actividades conexas
HND,7990,962.0,2019,53,8,1,-1.1439451466634083,1.4541318790602786,0.3232871409720727,0.02175665854353447,0.0,3.3831752627135807,0.6767128590279273,Otros servicios de reservas y actividades conexas,Otros servicios de reservas y actividades conexas,N,Actividades de servicios administrativos y de apoyo,Actividades de agencias de viajes y operadores turísticos y servicios de reservas y actividades conexas
HND,8110,14.0,2019,53,5,0,-1.1439451466634083,4.113896835296074,0.17804710367108714,0.02175665854353447,1.578784405933733,0.006365280362301047,0.8219528963289129,Actividades combinadas de apoyo a instalaciones,Actividades combinadas de apoyo a instalaciones,N,Actividades de servicios administrativos y de apoyo,Actividades de servicios a edificios y de paisajismo
HND,8129,98.0,2019,53,6,0,-1.1439451466634083,0.6109253850841836,0.22478787417860835,0.02175665854353447,0.6322569562960251,0.044854982751299025,0.7752121258213917,Otras actividades de limpieza de edificios y de instalaciones industriales,Otras actividades de limpieza de edificios y de instalaciones industriales,N,Actividades de servicios administrativos y de apoyo,Actividades de servicios a edificios y de paisajismo
HND,8219,55.0,2019,53,7,0,-1.1439451466634083,0.5937767086255424,0.25068980081071507,0.02175665854353447,0.6803643895068613,0.31395131730334047,0.749310199189285,"Fotocopiado, preparación de documentos y otras actividades especializadas de apoyo de oficina","Fotocopiado, preparación de documentos y otras actividades especializadas de apoyo de oficina",N,Actividades de servicios administrativos y de apoyo,Actividades administrativas y de apoyo de oficina y otras actividades de apoyo a las empresas
HND,8220,3662.0,2019,53,9,1,-1.1439451466634083,-2.743858846338975,0.3689713489184332,0.02175665854353447,0.0,1.55009397247701,0.6310286510815668,Actividades de centros de llamadas,Actividades de centros de llamadas,N,Actividades de servicios administrativos y de apoyo,Actividades administrativas y de apoyo de oficina y otras actividades de apoyo a las empresas
HND,8230,80.0,2019,53,7,0,-1.1439451466634083,1.7963001380769887,0.2466033492069568,0.02175665854353447,1.1487834940371118,0.11751963527411283,0.7533966507930432,Organización de convenciones y exposiciones comerciales,Organización de convenciones y exposiciones comerciales,N,Actividades de servicios administrativos y de apoyo,Actividades administrativas y de apoyo de oficina y otras actividades de apoyo a las empresas
HND,8291,4.0,2019,53,7,0,-1.1439451466634083,3.4471806684627517,0.21797188680991003,0.02175665854353447,1.4232557392796208,0.009524190726863932,0.7820281131900899,Actividades de agencias de cobro y agencias de calificación crediticia,Actividades de agencias de cobro y agencias de calificación crediticia,N,Actividades de servicios administrativos y de apoyo,Actividades administrativas y de apoyo de oficina y otras actividades de apoyo a las empresas
HND,8292,110.0,2019,53,5,0,-1.1439451466634083,1.7871470084572714,0.18597587760914142,0.02175665854353447,1.3173657936857455,0.15124867168711892,0.8140241223908586,Actividades de envasado y empaquetado,Actividades de envasado y empaquetado,N,Actividades de servicios administrativos y de apoyo,Actividades administrativas y de apoyo de oficina y otras actividades de apoyo a las empresas
HND,8299,804.0,2019,53,6,0,-1.1439451466634083,1.290142073352376,0.19964038727896594,0.02175665854353447,1.1108807260494586,0.21030629878384124,0.8003596127210341,Otras actividades de servicios de apoyo a las empresas n.c.p.,Otras actividades de servicios de apoyo a las empresas n.c.p.,N,Actividades de servicios administrativos y de apoyo,Actividades administrativas y de apoyo de oficina y otras actividades de apoyo a las empresas
