seccion_codigo,seccion_titulo,division_codigo,division_titulo,grupo_codigo,grupo_titulo,clase_codigo,clase_titulo,base_oecd,países oecd con información,base hnd,incluye
A,"Agricultura, ganadería, silvicultura y pesca",1,"Agricultura, ganadería, caza y actividades de servicios conexas",11,Cultivo de plantas no perennes,111,"Cultivo de cereales (excepto arroz), legumbres y semillas oleaginosas",,,111,0
A,"Agricultura, ganadería, silvicultura y pesca",1,"Agricultura, ganadería, caza y actividades de servicios conexas",11,Cultivo de plantas no perennes,112,Cultivo de arroz,,,,0
A,"Agricultura, ganadería, silvicultura y pesca",1,"Agricultura, ganadería, caza y actividades de servicios conexas",11,Cultivo de plantas no perennes,113,"Cultivo de hortalizas y melones, raíces y tubérculos",,,113,0
A,"Agricultura, ganadería, silvicultura y pesca",1,"Agricultura, ganadería, caza y actividades de servicios conexas",11,Cultivo de plantas no perennes,114,Cultivo de caña de azúcar,,,114,0
A,"Agricultura, ganadería, silvicultura y pesca",1,"Agricultura, ganadería, caza y actividades de servicios conexas",11,Cultivo de plantas no perennes,115,Cultivo de tabaco,,,115,0
A,"Agricultura, ganadería, silvicultura y pesca",1,"Agricultura, ganadería, caza y actividades de servicios conexas",11,Cultivo de plantas no perennes,116,Cultivo de plantas de fibra,,,,0
A,"Agricultura, ganadería, silvicultura y pesca",1,"Agricultura, ganadería, caza y actividades de servicios conexas",11,Cultivo de plantas no perennes,119,Cultivo de otras plantas no perennes,,,119,0
A,"Agricultura, ganadería, silvicultura y pesca",1,"Agricultura, ganadería, caza y actividades de servicios conexas",12,Cultivo de plantas perennes,121,Cultivo de uva,,,121,0
A,"Agricultura, ganadería, silvicultura y pesca",1,"Agricultura, ganadería, caza y actividades de servicios conexas",12,Cultivo de plantas perennes,122,Cultivo de frutas tropicales y subtropicales,,,122,0
A,"Agricultura, ganadería, silvicultura y pesca",1,"Agricultura, ganadería, caza y actividades de servicios conexas",12,Cultivo de plantas perennes,123,Cultivo de cítricos,,,123,0
A,"Agricultura, ganadería, silvicultura y pesca",1,"Agricultura, ganadería, caza y actividades de servicios conexas",12,Cultivo de plantas perennes,124,Cultivo de frutas de pepita y de hueso,,,124,0
A,"Agricultura, ganadería, silvicultura y pesca",1,"Agricultura, ganadería, caza y actividades de servicios conexas",12,Cultivo de plantas perennes,125,Cultivo de otros frutos y nueces de árboles y arbustos,,,125,0
A,"Agricultura, ganadería, silvicultura y pesca",1,"Agricultura, ganadería, caza y actividades de servicios conexas",12,Cultivo de plantas perennes,126,Cultivo de frutos oleaginosos,,,126,0
A,"Agricultura, ganadería, silvicultura y pesca",1,"Agricultura, ganadería, caza y actividades de servicios conexas",12,Cultivo de plantas perennes,127,Cultivo de plantas con las que se preparan bebidas,,,127,0
A,"Agricultura, ganadería, silvicultura y pesca",1,"Agricultura, ganadería, caza y actividades de servicios conexas",12,Cultivo de plantas perennes,128,"Cultivo de especias y de plantas aromáticas, medicinales y farmacéuticas",,,128,0
A,"Agricultura, ganadería, silvicultura y pesca",1,"Agricultura, ganadería, caza y actividades de servicios conexas",12,Cultivo de plantas perennes,129,Cultivo de otras plantas perennes,,,129,0
A,"Agricultura, ganadería, silvicultura y pesca",1,"Agricultura, ganadería, caza y actividades de servicios conexas",13,Propagación de plantas,130,Propagación de plantas,,,130,0
A,"Agricultura, ganadería, silvicultura y pesca",1,"Agricultura, ganadería, caza y actividades de servicios conexas",14,Ganadería,141,Cría de ganado bovino y búfalos,,,141,0
A,"Agricultura, ganadería, silvicultura y pesca",1,"Agricultura, ganadería, caza y actividades de servicios conexas",14,Ganadería,142,Cría de caballos y otros equinos,,,,0
A,"Agricultura, ganadería, silvicultura y pesca",1,"Agricultura, ganadería, caza y actividades de servicios conexas",14,Ganadería,143,Cría de camellos y otros camélidos,,,143,0
A,"Agricultura, ganadería, silvicultura y pesca",1,"Agricultura, ganadería, caza y actividades de servicios conexas",14,Ganadería,144,Cría de ovejas y cabras,,,,0
A,"Agricultura, ganadería, silvicultura y pesca",1,"Agricultura, ganadería, caza y actividades de servicios conexas",14,Ganadería,145,Cría de cerdos,,,145,0
A,"Agricultura, ganadería, silvicultura y pesca",1,"Agricultura, ganadería, caza y actividades de servicios conexas",14,Ganadería,146,Cría de aves de corral,,,146,0
A,"Agricultura, ganadería, silvicultura y pesca",1,"Agricultura, ganadería, caza y actividades de servicios conexas",14,Ganadería,149,Cría de otros animales,,,149,0
A,"Agricultura, ganadería, silvicultura y pesca",1,"Agricultura, ganadería, caza y actividades de servicios conexas",15,Cultivo de productos agrícolas en combinación con la cría de animales (explotación mixta),150,Cultivo de productos agrícolas en combinación con la cría de animales (explotación mixta),,,150,0
A,"Agricultura, ganadería, silvicultura y pesca",1,"Agricultura, ganadería, caza y actividades de servicios conexas",16,Actividades de apoyo a la agricultura y la ganadería y actividades poscosecha,161,Actividades de apoyo a la agricultura,,,161,0
A,"Agricultura, ganadería, silvicultura y pesca",1,"Agricultura, ganadería, caza y actividades de servicios conexas",16,Actividades de apoyo a la agricultura y la ganadería y actividades poscosecha,162,Actividades de apoyo a la ganadería,,,162,0
A,"Agricultura, ganadería, silvicultura y pesca",1,"Agricultura, ganadería, caza y actividades de servicios conexas",16,Actividades de apoyo a la agricultura y la ganadería y actividades poscosecha,163,Actividades poscosecha,,,163,0
A,"Agricultura, ganadería, silvicultura y pesca",1,"Agricultura, ganadería, caza y actividades de servicios conexas",16,Actividades de apoyo a la agricultura y la ganadería y actividades poscosecha,164,Tratamiento de semillas para propagación,,,164,0
A,"Agricultura, ganadería, silvicultura y pesca",1,"Agricultura, ganadería, caza y actividades de servicios conexas",17,Caza ordinaria y mediante trampas y actividades de servicios conexas,170,Caza ordinaria y mediante trampas y actividades de servicios conexas,,,,0
A,"Agricultura, ganadería, silvicultura y pesca",2,Silvicultura y extracción de madera,21,Silvicultura y otras actividades forestales,210,Silvicultura y otras actividades forestales,,,210,0
A,"Agricultura, ganadería, silvicultura y pesca",2,Silvicultura y extracción de madera,22,Extracción de madera,220,Extracción de madera,,,220,0
A,"Agricultura, ganadería, silvicultura y pesca",2,Silvicultura y extracción de madera,23,Recolección de productos forestales distintos de la madera,230,Recolección de productos forestales distintos de la madera,,,230,0
A,"Agricultura, ganadería, silvicultura y pesca",2,Silvicultura y extracción de madera,24,Servicios de apoyo a la silvicultura,240,Servicios de apoyo a la silvicultura,,,240,0
A,"Agricultura, ganadería, silvicultura y pesca",3,Pesca y acuicultura,31,Pesca,311,Pesca marítima,,,311,0
A,"Agricultura, ganadería, silvicultura y pesca",3,Pesca y acuicultura,31,Pesca,312,Pesca de agua dulce,,,312,0
A,"Agricultura, ganadería, silvicultura y pesca",3,Pesca y acuicultura,32,Acuicultura,321,Acuicultura marina,,,321,0
A,"Agricultura, ganadería, silvicultura y pesca",3,Pesca y acuicultura,32,Acuicultura,322,Acuicultura de agua dulce,,,322,0
B,Explotación de minas y canteras,5,Extracción de carbón de piedra y lignito,51,Extracción de carbón de piedra,510,Extracción de carbón de piedra,510,4,510,0
B,Explotación de minas y canteras,5,Extracción de carbón de piedra y lignito,52,Extracción de lignito,520,Extracción de lignito,520,2,,0
B,Explotación de minas y canteras,6,Extracción de petróleo crudo y gas natural,61,Extracción de petróleo crudo,610,Extracción de petróleo crudo,610,9,,0
B,Explotación de minas y canteras,6,Extracción de petróleo crudo y gas natural,62,Extracción de gas natural,620,Extracción de gas natural,620,8,,0
B,Explotación de minas y canteras,7,Extracción de minerales metalíferos,71,Extracción de minerales de hierro,710,Extracción de minerales de hierro,710,3,710,0
B,Explotación de minas y canteras,7,Extracción de minerales metalíferos,72,Extracción de minerales metalíferos no ferrosos,721,Extracción de minerales de uranio y torio,,,,0
B,Explotación de minas y canteras,7,Extracción de minerales metalíferos,72,Extracción de minerales metalíferos no ferrosos,729,Extracción de otros minerales metalíferos no ferrosos,729,6,729,0
B,Explotación de minas y canteras,8,Explotación de otras minas y canteras,81,"Extracción de piedra, arena y arcilla",810,"Extracción de piedra, arena y arcilla",810,27,810,1
B,Explotación de minas y canteras,8,Explotación de otras minas y canteras,89,Explotación de minas y canteras n.c.p.,891,Extracción de minerales para la fabricación de abonos y productos químicos,891,8,,0
B,Explotación de minas y canteras,8,Explotación de otras minas y canteras,89,Explotación de minas y canteras n.c.p.,892,Extracción de turba,892,14,,0
B,Explotación de minas y canteras,8,Explotación de otras minas y canteras,89,Explotación de minas y canteras n.c.p.,893,Extracción de sal,893,9,893,0
B,Explotación de minas y canteras,8,Explotación de otras minas y canteras,89,Explotación de minas y canteras n.c.p.,899,Explotación de otras minas y canteras n.c.p.,899,22,899,1
B,Explotación de minas y canteras,9,Actividades de servicios de apoyo para la explotación de minas y canteras,91,Actividades de apoyo para la extracción de petróleo y gas natural,910,Actividades de apoyo para la extracción de petróleo y gas natural,910,15,910,1
B,Explotación de minas y canteras,9,Actividades de servicios de apoyo para la explotación de minas y canteras,99,Actividades de apoyo para otras actividades de explotación de minas y canteras,990,Actividades de apoyo para otras actividades de explotación de minas y canteras,990,20,990,1
C,Industrias manufactureras,10,Elaboración de productos alimenticios,101,Elaboración y conservación de carne,1010,Elaboración y conservación de carne,1010,27,1010,1
C,Industrias manufactureras,10,Elaboración de productos alimenticios,102,"Elaboración y conservación de pescado, crustáceos y moluscos",1020,"Elaboración y conservación de pescado, crustáceos y moluscos",1020,25,1020,1
C,Industrias manufactureras,10,Elaboración de productos alimenticios,103,"Elaboración y conservación de frutas, legumbres y hortalizas",1030,"Elaboración y conservación de frutas, legumbres y hortalizas",1030,24,1030,1
C,Industrias manufactureras,10,Elaboración de productos alimenticios,104,Elaboración de aceites y grasas de origen vegetal y animal,1040,Elaboración de aceites y grasas de origen vegetal y animal,1040,17,1040,1
C,Industrias manufactureras,10,Elaboración de productos alimenticios,105,Elaboración de productos lácteos,1050,Elaboración de productos lácteos,1050,29,1050,1
C,Industrias manufactureras,10,Elaboración de productos alimenticios,106,"Elaboración de productos de molinería, almidones y productos derivados del almidón",1061,Elaboración de productos de molinería,1061,22,,1
C,Industrias manufactureras,10,Elaboración de productos alimenticios,106,"Elaboración de productos de molinería, almidones y productos derivados del almidón",1062,Elaboración de almidones y productos derivados del almidón,1062,16,1062,1
C,Industrias manufactureras,10,Elaboración de productos alimenticios,107,Elaboración de otros productos alimenticios,1071,Elaboración de productos de panadería,1071,31,1071,1
C,Industrias manufactureras,10,Elaboración de productos alimenticios,107,Elaboración de otros productos alimenticios,1072,Elaboración de azúcar,1072,18,1072,1
C,Industrias manufactureras,10,Elaboración de productos alimenticios,107,Elaboración de otros productos alimenticios,1073,Elaboración de cacao y chocolate y de productos de confitería,1073,31,1073,1
C,Industrias manufactureras,10,Elaboración de productos alimenticios,107,Elaboración de otros productos alimenticios,1074,"Elaboración de macarrones, fideos, alcuzcuz y productos farináceos similares",1074,28,1074,1
C,Industrias manufactureras,10,Elaboración de productos alimenticios,107,Elaboración de otros productos alimenticios,1075,Elaboración de comidas y platos preparados,1075,29,1075,1
C,Industrias manufactureras,10,Elaboración de productos alimenticios,107,Elaboración de otros productos alimenticios,1079,Elaboración de otros productos alimenticios n.c.p.,1079,21,1079,1
C,Industrias manufactureras,10,Elaboración de productos alimenticios,108,Elaboración de piensos preparados para animales,1080,Elaboración de piensos preparados para animales,1080,27,1080,1
C,Industrias manufactureras,11,Elaboración de bebidas,110,Elaboración de bebidas,1101,"Destilación, rectificación y mezcla de bebidas alcohólicas",1101,27,1101,1
C,Industrias manufactureras,11,Elaboración de bebidas,110,Elaboración de bebidas,1102,Elaboración de vinos,1102,12,1102,1
C,Industrias manufactureras,11,Elaboración de bebidas,110,Elaboración de bebidas,1103,Elaboración de bebidas malteadas y de malta,1103,16,1103,1
C,Industrias manufactureras,11,Elaboración de bebidas,110,Elaboración de bebidas,1104,Elaboración de bebidas no alcohólicas; producción de aguas minerales y otras aguas embotelladas,1104,29,1104,1
C,Industrias manufactureras,12,Elaboración de productos de tabaco,120,Elaboración de productos de tabaco,1200,Elaboración de productos de tabaco,1200,17,1200,1
C,Industrias manufactureras,13,Fabricación de productos textiles,131,"Hilatura, tejedura y acabado de productos textiles",1311,Preparación e hilatura de fibras textiles,1311,25,1311,1
C,Industrias manufactureras,13,Fabricación de productos textiles,131,"Hilatura, tejedura y acabado de productos textiles",1312,Tejedura de productos textiles,1312,26,1312,1
C,Industrias manufactureras,13,Fabricación de productos textiles,131,"Hilatura, tejedura y acabado de productos textiles",1313,Acabado de productos textiles,1313,29,1313,1
C,Industrias manufactureras,13,Fabricación de productos textiles,139,Fabricación de otros productos textiles,1391,Fabricación de tejidos de punto y ganchillo,1391,25,1391,1
C,Industrias manufactureras,13,Fabricación de productos textiles,139,Fabricación de otros productos textiles,1392,"Fabricación de artículos confeccionados de materiales textiles, excepto prendas de vestir",1392,32,1392,1
C,Industrias manufactureras,13,Fabricación de productos textiles,139,Fabricación de otros productos textiles,1393,Fabricación de tapices y alfombras,1393,24,,1
C,Industrias manufactureras,13,Fabricación de productos textiles,139,Fabricación de otros productos textiles,1394,"Fabricación de cuerdas, cordeles, bramantes y redes",1394,28,,1
C,Industrias manufactureras,13,Fabricación de productos textiles,139,Fabricación de otros productos textiles,1399,Fabricación de otros productos textiles n.c.p.,1399,26,1399,1
C,Industrias manufactureras,14,Fabricación de prendas de vestir,141,"Fabricación de prendas de vestir, excepto prendas de piel",1410,"Fabricación de prendas de vestir, excepto prendas de piel",1410,25,1410,1
C,Industrias manufactureras,14,Fabricación de prendas de vestir,142,Fabricación de artículos de piel,1420,Fabricación de artículos de piel,1420,22,1420,1
C,Industrias manufactureras,14,Fabricación de prendas de vestir,143,Fabricación de artículos de punto y ganchillo,1430,Fabricación de artículos de punto y ganchillo,1430,22,,1
C,Industrias manufactureras,15,Fabricación de productos de cuero y productos conexos,151,"Curtido y adobo de cueros; fabricación de maletas, bolsos de mano y artículos de talabartería y guarnicionería; adobo y teñido de pieles",1511,Curtido y adobo de cueros; adobo y teñido de pieles,1511,26,1511,1
C,Industrias manufactureras,15,Fabricación de productos de cuero y productos conexos,151,"Curtido y adobo de cueros; fabricación de maletas, bolsos de mano y artículos de talabartería y guarnicionería; adobo y teñido de pieles",1512,"Fabricación de maletas, bolsos de mano y artículos similares, y de artículos de talabartería y guarnicionería",1512,26,1512,1
C,Industrias manufactureras,15,Fabricación de productos de cuero y productos conexos,152,Fabricación de calzado,1520,Fabricación de calzado,1520,26,1520,1
C,Industrias manufactureras,16,"Producción de madera y fabricación de productos de madera y corcho, excepto muebles; fabricación de artículos de paja y de materiales trenzables",161,Aserrado y acepilladura de madera,1610,Aserrado y acepilladura de madera,1610,29,1610,1
C,Industrias manufactureras,16,"Producción de madera y fabricación de productos de madera y corcho, excepto muebles; fabricación de artículos de paja y de materiales trenzables",162,"Fabricación de productos de madera, corcho, paja y materiales trenzables",1621,Fabricación de hojas de madera para enchapado y tableros a base de madera,1621,28,1621,1
C,Industrias manufactureras,16,"Producción de madera y fabricación de productos de madera y corcho, excepto muebles; fabricación de artículos de paja y de materiales trenzables",162,"Fabricación de productos de madera, corcho, paja y materiales trenzables",1622,Fabricación de partes y piezas de carpintería para edificios y construcciones,1622,26,1622,1
C,Industrias manufactureras,16,"Producción de madera y fabricación de productos de madera y corcho, excepto muebles; fabricación de artículos de paja y de materiales trenzables",162,"Fabricación de productos de madera, corcho, paja y materiales trenzables",1623,Fabricación de recipientes de madera,1623,29,1623,1
C,Industrias manufactureras,16,"Producción de madera y fabricación de productos de madera y corcho, excepto muebles; fabricación de artículos de paja y de materiales trenzables",162,"Fabricación de productos de madera, corcho, paja y materiales trenzables",1629,"Fabricación de otros productos de madera; fabricación de artículos de corcho, paja y materiales trenzables",1629,31,1629,1
C,Industrias manufactureras,17,Fabricación de papel y de productos de papel,170,Fabricación de papel y de productos de papel,1701,"Fabricación de pasta de madera, papel y cartón",1701,17,1701,1
C,Industrias manufactureras,17,Fabricación de papel y de productos de papel,170,Fabricación de papel y de productos de papel,1702,Fabricación de papel y cartón ondulado y de envases de papel y cartón,1702,32,1702,1
C,Industrias manufactureras,17,Fabricación de papel y de productos de papel,170,Fabricación de papel y de productos de papel,1709,Fabricación de otros artículos de papel y cartón,1709,22,1709,1
C,Industrias manufactureras,18,Impresión y reproducción de grabaciones,181,Impresión y actividades de servicios relacionadas con la impresión,1811,Impresión,1811,25,1811,1
C,Industrias manufactureras,18,Impresión y reproducción de grabaciones,181,Impresión y actividades de servicios relacionadas con la impresión,1812,Actividades de servicios relacionadas con la impresión,1812,27,1812,1
C,Industrias manufactureras,18,Impresión y reproducción de grabaciones,182,Reproducción de grabaciones,1820,Reproducción de grabaciones,1820,26,1820,1
C,Industrias manufactureras,19,Fabricación de coque y productos de la refinación del petróleo,191,Fabricación de productos de hornos de coque,1910,Fabricación de productos de hornos de coque,1910,7,1910,1
C,Industrias manufactureras,19,Fabricación de coque y productos de la refinación del petróleo,192,Fabricación de productos de la refinación del petróleo,1920,Fabricación de productos de la refinación del petróleo,1920,16,1920,1
C,Industrias manufactureras,20,Fabricación de sustancias y productos químicos,201,"Fabricación de sustancias químicas básicas, de abonos y compuestos de nitrógeno y de plásticos y caucho sintético en formas primarias",2011,Fabricación de sustancias químicas básicas,2011,16,2011,1
C,Industrias manufactureras,20,Fabricación de sustancias y productos químicos,201,"Fabricación de sustancias químicas básicas, de abonos y compuestos de nitrógeno y de plásticos y caucho sintético en formas primarias",2012,Fabricación de abonos y compuestos de nitrógeno,2012,25,2012,1
C,Industrias manufactureras,20,Fabricación de sustancias y productos químicos,201,"Fabricación de sustancias químicas básicas, de abonos y compuestos de nitrógeno y de plásticos y caucho sintético en formas primarias",2013,Fabricación de plásticos y caucho sintético en formas primarias,2013,18,2013,1
C,Industrias manufactureras,20,Fabricación de sustancias y productos químicos,202,Fabricación de otros productos químicos,2021,Fabricación de plaguicidas y otros productos químicos de uso agropecuario,2021,21,2021,1
C,Industrias manufactureras,20,Fabricación de sustancias y productos químicos,202,Fabricación de otros productos químicos,2022,"Fabricación de pinturas, barnices y productos de revestimiento similares, tintas de imprenta y masillas",2022,29,2022,1
C,Industrias manufactureras,20,Fabricación de sustancias y productos químicos,202,Fabricación de otros productos químicos,2023,"Fabricación de jabones y detergentes, preparados para limpiar y pulir, perfumes y preparados de tocador",2023,30,2023,1
C,Industrias manufactureras,20,Fabricación de sustancias y productos químicos,202,Fabricación de otros productos químicos,2029,Fabricación de otros productos químicos n.c.p.,2029,21,2029,1
C,Industrias manufactureras,20,Fabricación de sustancias y productos químicos,203,Fabricación de fibras artificiales,2030,Fabricación de fibras artificiales,2030,19,2030,1
C,Industrias manufactureras,21,"Fabricación de productos farmacéuticos, sustancias químicas medicinales y productos botánicos de uso farmacéutico",210,"Fabricación de productos farmacéuticos, sustancias químicas medicinales y productos botánicos de uso farmacéutico",2100,"Fabricación de productos farmacéuticos, sustancias químicas medicinales y productos botánicos de uso farmacéutico",2100,20,2100,1
C,Industrias manufactureras,22,Fabricación de productos de caucho y de plástico,221,Fabricación de productos de caucho,2211,Fabricación de cubiertas y cámaras de caucho; recauchutado y renovación de cubiertas de caucho,2211,26,2211,1
C,Industrias manufactureras,22,Fabricación de productos de caucho y de plástico,221,Fabricación de productos de caucho,2219,Fabricación de otros productos de caucho,2219,27,2219,1
C,Industrias manufactureras,22,Fabricación de productos de caucho y de plástico,222,Fabricación de productos de plástico,2220,Fabricación de productos de plástico,2220,30,2220,1
C,Industrias manufactureras,23,Fabricación de otros productos minerales no metálicos,231,Fabricación de vidrio y productos de vidrio,2310,Fabricación de vidrio y productos de vidrio,2310,15,2310,1
C,Industrias manufactureras,23,Fabricación de otros productos minerales no metálicos,239,Fabricación de productos minerales no metálicos n.c.p.,2391,Fabricación de productos refractarios,2391,26,2391,1
C,Industrias manufactureras,23,Fabricación de otros productos minerales no metálicos,239,Fabricación de productos minerales no metálicos n.c.p.,2392,Fabricación de materiales de construcción de arcilla,2392,25,2392,1
C,Industrias manufactureras,23,Fabricación de otros productos minerales no metálicos,239,Fabricación de productos minerales no metálicos n.c.p.,2393,Fabricación de otros productos de porcelana y de cerámica,2393,13,2393,1
C,Industrias manufactureras,23,Fabricación de otros productos minerales no metálicos,239,Fabricación de productos minerales no metálicos n.c.p.,2394,"Fabricación de cemento, cal y yeso",2394,16,2394,1
C,Industrias manufactureras,23,Fabricación de otros productos minerales no metálicos,239,Fabricación de productos minerales no metálicos n.c.p.,2395,"Fabricación de artículos de hormigón, cemento y yeso",2395,20,2395,1
C,Industrias manufactureras,23,Fabricación de otros productos minerales no metálicos,239,Fabricación de productos minerales no metálicos n.c.p.,2396,"Corte, talla y acabado de la piedra",2396,33,2396,1
C,Industrias manufactureras,23,Fabricación de otros productos minerales no metálicos,239,Fabricación de productos minerales no metálicos n.c.p.,2399,Fabricación de otros productos minerales no metálicos n.c.p.,2399,26,2399,1
C,Industrias manufactureras,24,Fabricación de metales comunes,241,Industrias básicas de hierro y acero,2410,Industrias básicas de hierro y acero,2410,13,2410,1
C,Industrias manufactureras,24,Fabricación de metales comunes,242,Fabricación de productos primarios de metales preciosos y otros metales no ferrosos,2420,Fabricación de productos primarios de metales preciosos y otros metales no ferrosos,2420,10,2420,1
C,Industrias manufactureras,24,Fabricación de metales comunes,243,Fundición de metales,2431,Fundición de hierro y acero,2431,24,2431,1
C,Industrias manufactureras,24,Fabricación de metales comunes,243,Fundición de metales,2432,Fundición de metales no ferrosos,2432,23,2432,1
C,Industrias manufactureras,25,"Fabricación de productos elaborados de metal, excepto maquinaria y equipo",251,"Fabricación de productos metálicos para uso estructural, tanques, depósitos y recipientes de metal",2511,Fabricación de productos metálicos para uso estructural,2511,33,2511,1
C,Industrias manufactureras,25,"Fabricación de productos elaborados de metal, excepto maquinaria y equipo",251,"Fabricación de productos metálicos para uso estructural, tanques, depósitos y recipientes de metal",2512,"Fabricación de tanques, depósitos y recipientes de metal",2512,27,2512,1
C,Industrias manufactureras,25,"Fabricación de productos elaborados de metal, excepto maquinaria y equipo",251,"Fabricación de productos metálicos para uso estructural, tanques, depósitos y recipientes de metal",2513,"Fabricación de generadores de vapor, excepto calderas de agua caliente para calefacción central",2513,21,2513,1
C,Industrias manufactureras,25,"Fabricación de productos elaborados de metal, excepto maquinaria y equipo",252,Fabricación de armas y municiones,2520,Fabricación de armas y municiones,2520,20,2520,1
C,Industrias manufactureras,25,"Fabricación de productos elaborados de metal, excepto maquinaria y equipo",259,Fabricación de otros productos elaborados de metal; actividades de servicios de trabajo de metales,2591,"Forja, prensado, estampado y laminado de metales; pulvimetalurgia",2591,29,2591,1
C,Industrias manufactureras,25,"Fabricación de productos elaborados de metal, excepto maquinaria y equipo",259,Fabricación de otros productos elaborados de metal; actividades de servicios de trabajo de metales,2592,Tratamiento y revestimiento de metales; maquinado,2592,32,2592,1
C,Industrias manufactureras,25,"Fabricación de productos elaborados de metal, excepto maquinaria y equipo",259,Fabricación de otros productos elaborados de metal; actividades de servicios de trabajo de metales,2593,"Fabricación de artículos de cuchillería, herramientas de mano y artículos de ferretería",2593,25,2593,1
C,Industrias manufactureras,25,"Fabricación de productos elaborados de metal, excepto maquinaria y equipo",259,Fabricación de otros productos elaborados de metal; actividades de servicios de trabajo de metales,2599,Fabricación de otros productos elaborados de metal n.c.p.,2599,25,2599,1
C,Industrias manufactureras,26,"Fabricación de productos de informática, de electrónica y de óptica",261,Fabricación de componentes y tableros electrónicos,2610,Fabricación de componentes y tableros electrónicos,2610,26,2610,1
C,Industrias manufactureras,26,"Fabricación de productos de informática, de electrónica y de óptica",262,Fabricación de ordenadores y equipo periférico,2620,Fabricación de ordenadores y equipo periférico,2620,24,,1
C,Industrias manufactureras,26,"Fabricación de productos de informática, de electrónica y de óptica",263,Fabricación de equipo de comunicaciones,2630,Fabricación de equipo de comunicaciones,2630,26,2630,1
C,Industrias manufactureras,26,"Fabricación de productos de informática, de electrónica y de óptica",264,Fabricación de aparatos electrónicos de consumo,2640,Fabricación de aparatos electrónicos de consumo,2640,21,2640,1
C,Industrias manufactureras,26,"Fabricación de productos de informática, de electrónica y de óptica",265,"Fabricación de equipo de medición, prueba, navegación y control y de relojes",2651,"Fabricación de equipo de medición, prueba, navegación y control",2651,25,2651,1
C,Industrias manufactureras,26,"Fabricación de productos de informática, de electrónica y de óptica",265,"Fabricación de equipo de medición, prueba, navegación y control y de relojes",2652,Fabricación de relojes,2652,20,2652,1
C,Industrias manufactureras,26,"Fabricación de productos de informática, de electrónica y de óptica",266,Fabricación de equipo de irradiación y equipo electrónico de uso médico y terapéutico,2660,Fabricación de equipo de irradiación y equipo electrónico de uso médico y terapéutico,2660,24,2660,1
C,Industrias manufactureras,26,"Fabricación de productos de informática, de electrónica y de óptica",267,Fabricación de instrumentos ópticos y equipo fotográfico,2670,Fabricación de instrumentos ópticos y equipo fotográfico,2670,23,2670,1
C,Industrias manufactureras,26,"Fabricación de productos de informática, de electrónica y de óptica",268,Fabricación de soportes magnéticos y ópticos,2680,Fabricación de soportes magnéticos y ópticos,2680,9,2680,1
C,Industrias manufactureras,27,Fabricación de equipo eléctrico,271,"Fabricación de motores, generadores y transformadores eléctricos y aparatos de distribución y control de la energía eléctrica",2710,"Fabricación de motores, generadores y transformadores eléctricos y aparatos de distribución y control de la energía eléctrica",2710,27,2710,1
C,Industrias manufactureras,27,Fabricación de equipo eléctrico,272,"Fabricación de pilas, baterías y acumuladores",2720,"Fabricación de pilas, baterías y acumuladores",2720,25,2720,1
C,Industrias manufactureras,27,Fabricación de equipo eléctrico,273,Fabricación de cables y dispositivos de cableado,2731,Fabricación de cables de fibra óptica,2731,18,,1
C,Industrias manufactureras,27,Fabricación de equipo eléctrico,273,Fabricación de cables y dispositivos de cableado,2732,Fabricación de otros hilos y cables eléctricos,2732,26,,1
C,Industrias manufactureras,27,Fabricación de equipo eléctrico,273,Fabricación de cables y dispositivos de cableado,2733,Fabricación de dispositivos de cableado,2733,22,,1
C,Industrias manufactureras,27,Fabricación de equipo eléctrico,274,Fabricación de equipo eléctrico de iluminación,2740,Fabricación de equipo eléctrico de iluminación,2740,31,2740,1
C,Industrias manufactureras,27,Fabricación de equipo eléctrico,275,Fabricación de aparatos de uso doméstico,2750,Fabricación de aparatos de uso doméstico,2750,24,2750,1
C,Industrias manufactureras,27,Fabricación de equipo eléctrico,279,Fabricación de otros tipos de equipo eléctrico,2790,Fabricación de otros tipos de equipo eléctrico,2790,29,2790,1
C,Industrias manufactureras,28,Fabricación de maquinaria y equipo n.c.p.,281,Fabricación de maquinaria de uso general,2811,"Fabricación de motores y turbinas, excepto motores para aeronaves, vehículos automotores y motocicletas",2811,26,2811,1
C,Industrias manufactureras,28,Fabricación de maquinaria y equipo n.c.p.,281,Fabricación de maquinaria de uso general,2812,Fabricación de equipo de propulsión de fluidos,2812,25,,1
C,Industrias manufactureras,28,Fabricación de maquinaria y equipo n.c.p.,281,Fabricación de maquinaria de uso general,2813,"Fabricación de otras bombas, compresores, grifos y válvulas",2813,23,,1
C,Industrias manufactureras,28,Fabricación de maquinaria y equipo n.c.p.,281,Fabricación de maquinaria de uso general,2814,"Fabricación de cojinetes, engranajes, trenes de engranajes y piezas de transmisión",2814,28,,1
C,Industrias manufactureras,28,Fabricación de maquinaria y equipo n.c.p.,281,Fabricación de maquinaria de uso general,2815,"Fabricación de hornos, hogares y quemadores",2815,20,2815,1
C,Industrias manufactureras,28,Fabricación de maquinaria y equipo n.c.p.,281,Fabricación de maquinaria de uso general,2816,Fabricación de equipo de elevación y manipulación,2816,29,2816,1
C,Industrias manufactureras,28,Fabricación de maquinaria y equipo n.c.p.,281,Fabricación de maquinaria de uso general,2817,Fabricación de maquinaria y equipo de oficina (excepto ordenadores y equipo periférico),2817,14,2817,1
C,Industrias manufactureras,28,Fabricación de maquinaria y equipo n.c.p.,281,Fabricación de maquinaria de uso general,2818,Fabricación de herramientas de mano motorizadas,2818,14,,1
C,Industrias manufactureras,28,Fabricación de maquinaria y equipo n.c.p.,281,Fabricación de maquinaria de uso general,2819,Fabricación de otros tipos de maquinaria de uso general,2819,28,2819,1
C,Industrias manufactureras,28,Fabricación de maquinaria y equipo n.c.p.,282,Fabricación de maquinaria de uso especial,2821,Fabricación de maquinaria agropecuaria y forestal,2821,28,,1
C,Industrias manufactureras,28,Fabricación de maquinaria y equipo n.c.p.,282,Fabricación de maquinaria de uso especial,2822,Fabricación de maquinaria para la conformación de metales y de máquinas herramienta,2822,27,2822,1
C,Industrias manufactureras,28,Fabricación de maquinaria y equipo n.c.p.,282,Fabricación de maquinaria de uso especial,2823,Fabricación de maquinaria metalúrgica,2823,24,,1
C,Industrias manufactureras,28,Fabricación de maquinaria y equipo n.c.p.,282,Fabricación de maquinaria de uso especial,2824,Fabricación de maquinaria para la explotación de minas y canteras y para obras de construcción,2824,26,,1
C,Industrias manufactureras,28,Fabricación de maquinaria y equipo n.c.p.,282,Fabricación de maquinaria de uso especial,2825,"Fabricación de maquinaria para la elaboración de alimentos, bebidas y tabaco",2825,29,2825,1
C,Industrias manufactureras,28,Fabricación de maquinaria y equipo n.c.p.,282,Fabricación de maquinaria de uso especial,2826,"Fabricación de maquinaria para la elaboración de productos textiles, prendas de vestir y cueros",2826,20,2826,1
C,Industrias manufactureras,28,Fabricación de maquinaria y equipo n.c.p.,282,Fabricación de maquinaria de uso especial,2829,Fabricación de otros tipos de maquinaria de uso especial,2829,23,,1
C,Industrias manufactureras,29,"Fabricación de vehículos automotores, remolques y semirremolques",291,Fabricación de vehículos automotores,2910,Fabricación de vehículos automotores,2910,25,2910,1
C,Industrias manufactureras,29,"Fabricación de vehículos automotores, remolques y semirremolques",292,Fabricación de carrocerías para vehículos automotores; fabricación de remolques y semirremolques,2920,Fabricación de carrocerías para vehículos automotores; fabricación de remolques y semirremolques,2920,29,,1
C,Industrias manufactureras,29,"Fabricación de vehículos automotores, remolques y semirremolques",293,"Fabricación de partes, piezas y accesorios para vehículos automotores",2930,"Fabricación de partes, piezas y accesorios para vehículos automotores",2930,23,2930,1
C,Industrias manufactureras,30,Fabricación de otro equipo de transporte,301,Construcción de buques y otras embarcaciones,3011,Construcción de buques y estructuras flotantes,3011,25,,1
C,Industrias manufactureras,30,Fabricación de otro equipo de transporte,301,Construcción de buques y otras embarcaciones,3012,Construcción de embarcaciones de recreo y de deporte,3012,25,,1
C,Industrias manufactureras,30,Fabricación de otro equipo de transporte,302,Fabricación de locomotoras y material rodante,3020,Fabricación de locomotoras y material rodante,3020,18,,1
C,Industrias manufactureras,30,Fabricación de otro equipo de transporte,303,"Fabricación de aeronaves, naves espaciales y maquinaria conexa",3030,"Fabricación de aeronaves, naves espaciales y maquinaria conexa",3030,19,,1
C,Industrias manufactureras,30,Fabricación de otro equipo de transporte,304,Fabricación de vehículos militares de combate,3040,Fabricación de vehículos militares de combate,3040,5,,1
C,Industrias manufactureras,30,Fabricación de otro equipo de transporte,309,Fabricación de equipo de transporte n.c.p.,3091,Fabricación de motocicletas,3091,19,,1
C,Industrias manufactureras,30,Fabricación de otro equipo de transporte,309,Fabricación de equipo de transporte n.c.p.,3092,Fabricación de bicicletas y de sillones de ruedas para inválidos,3092,23,3092,1
C,Industrias manufactureras,30,Fabricación de otro equipo de transporte,309,Fabricación de equipo de transporte n.c.p.,3099,Fabricación de otros tipos de equipo de transporte n.c.p.,3099,18,3099,1
C,Industrias manufactureras,31,Fabricación de muebles,310,Fabricación de muebles,3100,Fabricación de muebles,3100,30,3100,1
C,Industrias manufactureras,32,Otras industrias manufactureras,321,"Fabricación de joyas, bisutería y artículos conexos",3211,Fabricación de joyas y artículos conexos,3211,19,3211,1
C,Industrias manufactureras,32,Otras industrias manufactureras,321,"Fabricación de joyas, bisutería y artículos conexos",3212,Fabricación de bisutería y artículos conexos,3212,21,3212,1
C,Industrias manufactureras,32,Otras industrias manufactureras,322,Fabricación de instrumentos de música,3220,Fabricación de instrumentos de música,3220,24,,1
C,Industrias manufactureras,32,Otras industrias manufactureras,323,Fabricación de artículos de deporte,3230,Fabricación de artículos de deporte,3230,26,,1
C,Industrias manufactureras,32,Otras industrias manufactureras,324,Fabricación de juegos y juguetes,3240,Fabricación de juegos y juguetes,3240,27,,1
C,Industrias manufactureras,32,Otras industrias manufactureras,325,Fabricación de instrumentos y materiales médicos y odontológicos,3250,Fabricación de instrumentos y materiales médicos y odontológicos,3250,28,3250,1
C,Industrias manufactureras,32,Otras industrias manufactureras,329,Otras industrias manufactureras n.c.p.,3290,Otras industrias manufactureras n.c.p.,3290,28,3290,1
C,Industrias manufactureras,33,Reparación e instalación de maquinaria y equipo,331,"Reparación de productos elaborados de metal, maquinaria y equipo",3311,Reparación de productos elaborados de metal,3311,30,3311,1
C,Industrias manufactureras,33,Reparación e instalación de maquinaria y equipo,331,"Reparación de productos elaborados de metal, maquinaria y equipo",3312,Reparación de maquinaria,3312,32,3312,1
C,Industrias manufactureras,33,Reparación e instalación de maquinaria y equipo,331,"Reparación de productos elaborados de metal, maquinaria y equipo",3313,Reparación de equipo electrónico y óptico,3313,28,3313,1
C,Industrias manufactureras,33,Reparación e instalación de maquinaria y equipo,331,"Reparación de productos elaborados de metal, maquinaria y equipo",3314,Reparación de equipo eléctrico,3314,29,3314,1
C,Industrias manufactureras,33,Reparación e instalación de maquinaria y equipo,331,"Reparación de productos elaborados de metal, maquinaria y equipo",3315,"Reparación de equipo de transporte, excepto vehículos automotores",3315,25,3315,1
C,Industrias manufactureras,33,Reparación e instalación de maquinaria y equipo,331,"Reparación de productos elaborados de metal, maquinaria y equipo",3319,Reparación de otros tipos de equipo,3319,30,3319,1
C,Industrias manufactureras,33,Reparación e instalación de maquinaria y equipo,332,Instalación de maquinaria y equipo industriales,3320,Instalación de maquinaria y equipo industriales,3320,30,3320,1
D,"Suministro de electricidad, gas, vapor y aire acondicionado",35,"Suministro de electricidad, gas, vapor y aire acondicionado",351,"Generación, transmisión y distribución de energía eléctrica",3510,"Generación, transmisión y distribución de energía eléctrica",3510,16,3510,1
D,"Suministro de electricidad, gas, vapor y aire acondicionado",35,"Suministro de electricidad, gas, vapor y aire acondicionado",352,Fabricación de gas; distribución de combustibles gaseosos por tuberías,3520,Fabricación de gas; distribución de combustibles gaseosos por tuberías,3520,9,3520,1
D,"Suministro de electricidad, gas, vapor y aire acondicionado",35,"Suministro de electricidad, gas, vapor y aire acondicionado",353,Suministro de vapor y de aire acondicionado,3530,Suministro de vapor y de aire acondicionado,3530,25,3530,1
E,"Suministro de agua; evacuación de aguas residuales, gestión de desechos y descontaminación",36,"Captación, tratamiento y distribución de agua",360,"Captación, tratamiento y distribución de agua",3600,"Captación, tratamiento y distribución de agua",3600,29,3600,1
E,"Suministro de agua; evacuación de aguas residuales, gestión de desechos y descontaminación",37,Evacuación de aguas residuales,370,Evacuación de aguas residuales,3700,Evacuación de aguas residuales,3700,29,3700,1
E,"Suministro de agua; evacuación de aguas residuales, gestión de desechos y descontaminación",38,"Recogida, tratamiento y eliminación de desechos; recuperación de materiales",381,Recogida de desechos,3811,Recogida de desechos no peligrosos,3811,30,3811,1
E,"Suministro de agua; evacuación de aguas residuales, gestión de desechos y descontaminación",38,"Recogida, tratamiento y eliminación de desechos; recuperación de materiales",381,Recogida de desechos,3812,Recogida de desechos peligrosos,3812,27,,1
E,"Suministro de agua; evacuación de aguas residuales, gestión de desechos y descontaminación",38,"Recogida, tratamiento y eliminación de desechos; recuperación de materiales",382,Tratamiento y eliminación de desechos,3821,Tratamiento y eliminación de desechos no peligrosos,3821,27,3821,1
E,"Suministro de agua; evacuación de aguas residuales, gestión de desechos y descontaminación",38,"Recogida, tratamiento y eliminación de desechos; recuperación de materiales",382,Tratamiento y eliminación de desechos,3822,Tratamiento y eliminación de desechos peligrosos,3822,25,3822,1
E,"Suministro de agua; evacuación de aguas residuales, gestión de desechos y descontaminación",38,"Recogida, tratamiento y eliminación de desechos; recuperación de materiales",383,Recuperación de materiales,3830,Recuperación de materiales,3830,26,3830,1
E,"Suministro de agua; evacuación de aguas residuales, gestión de desechos y descontaminación",39,Actividades de descontaminación y otros servicios de gestión de desechos,390,Actividades de descontaminación y otros servicios de gestión de desechos,3900,Actividades de descontaminación y otros servicios de gestión de desechos,3900,26,3900,1
F,Construcción,41,Construcción de edificios,410,Construcción de edificios,4100,Construcción de edificios,4100,31,4100,1
F,Construcción,42,Obras de ingeniería civil,421,Construcción de carreteras y vías de ferrocarril,4210,Construcción de carreteras y vías de ferrocarril,4210,26,4210,1
F,Construcción,42,Obras de ingeniería civil,422,Construcción de proyectos de servicio público,4220,Construcción de proyectos de servicio público,4220,29,4220,1
F,Construcción,42,Obras de ingeniería civil,429,Construcción de otras obras de ingeniería civil,4290,Construcción de otras obras de ingeniería civil,4290,28,4290,1
F,Construcción,43,Actividades especializadas de construcción,431,Demolición y preparación del terreno,4311,Demolición,4311,27,,1
F,Construcción,43,Actividades especializadas de construcción,431,Demolición y preparación del terreno,4312,Preparación del terreno,4312,27,4312,1
F,Construcción,43,Actividades especializadas de construcción,432,Instalaciones eléctricas y de fontanería y otras instalaciones para obras de construcción,4321,Instalaciones eléctricas,4321,31,4321,1
F,Construcción,43,Actividades especializadas de construcción,432,Instalaciones eléctricas y de fontanería y otras instalaciones para obras de construcción,4322,"Instalaciones de fontanería, calefacción y aire acondicionado",4322,32,4322,1
F,Construcción,43,Actividades especializadas de construcción,432,Instalaciones eléctricas y de fontanería y otras instalaciones para obras de construcción,4329,Otras instalaciones para obras de construcción,4329,31,4329,1
F,Construcción,43,Actividades especializadas de construcción,433,Terminación y acabado de edificios,4330,Terminación y acabado de edificios,4330,29,4330,1
F,Construcción,43,Actividades especializadas de construcción,439,Otras actividades especializadas de construcción,4390,Otras actividades especializadas de construcción,4390,30,4390,1
G,Comercio al por mayor y al por menor; reparación de vehículos automotores y motocicletas,45,Comercio al por mayor y al por menor y reparación de vehículos automotores y motocicletas,451,Venta de vehículos automotores,4510,Venta de vehículos automotores,4510,31,4510,1
G,Comercio al por mayor y al por menor; reparación de vehículos automotores y motocicletas,45,Comercio al por mayor y al por menor y reparación de vehículos automotores y motocicletas,452,Mantenimiento y reparación de vehículos automotores,4520,Mantenimiento y reparación de vehículos automotores,4520,32,4520,1
G,Comercio al por mayor y al por menor; reparación de vehículos automotores y motocicletas,45,Comercio al por mayor y al por menor y reparación de vehículos automotores y motocicletas,453,"Venta de partes, piezas y accesorios para vehículos automotores",4530,"Venta de partes, piezas y accesorios para vehículos automotores",4530,32,4530,1
G,Comercio al por mayor y al por menor; reparación de vehículos automotores y motocicletas,45,Comercio al por mayor y al por menor y reparación de vehículos automotores y motocicletas,454,"Venta, mantenimiento y reparación de motocicletas y sus partes, piezas y accesorios",4540,"Venta, mantenimiento y reparación de motocicletas y sus partes, piezas y accesorios",4540,32,4540,1
G,Comercio al por mayor y al por menor; reparación de vehículos automotores y motocicletas,46,"Comercio al por mayor, excepto el de vehículos automotores y motocicletas",461,Venta al por mayor a cambio de una retribución o por contrata,4610,Venta al por mayor a cambio de una retribución o por contrata,4610,27,4610,1
G,Comercio al por mayor y al por menor; reparación de vehículos automotores y motocicletas,46,"Comercio al por mayor, excepto el de vehículos automotores y motocicletas",462,Venta al por mayor de materias primas agropecuarias y animales vivos,4620,Venta al por mayor de materias primas agropecuarias y animales vivos,4620,28,4620,1
G,Comercio al por mayor y al por menor; reparación de vehículos automotores y motocicletas,46,"Comercio al por mayor, excepto el de vehículos automotores y motocicletas",463,"Venta al por mayor de alimentos, bebidas y tabaco",4630,"Venta al por mayor de alimentos, bebidas y tabaco",4630,29,4630,1
G,Comercio al por mayor y al por menor; reparación de vehículos automotores y motocicletas,46,"Comercio al por mayor, excepto el de vehículos automotores y motocicletas",464,Venta al por mayor de enseres domésticos,4641,"Venta al por mayor de productos textiles, prendas de vestir y calzado",4641,33,4641,1
G,Comercio al por mayor y al por menor; reparación de vehículos automotores y motocicletas,46,"Comercio al por mayor, excepto el de vehículos automotores y motocicletas",464,Venta al por mayor de enseres domésticos,4649,Venta al por mayor de otros enseres domésticos,4649,31,4649,1
G,Comercio al por mayor y al por menor; reparación de vehículos automotores y motocicletas,46,"Comercio al por mayor, excepto el de vehículos automotores y motocicletas",465,"Venta al por mayor de maquinaria, equipo y materiales",4651,"Venta al por mayor de ordenadores, equipo periférico y programas de informática",4651,33,4651,1
G,Comercio al por mayor y al por menor; reparación de vehículos automotores y motocicletas,46,"Comercio al por mayor, excepto el de vehículos automotores y motocicletas",465,"Venta al por mayor de maquinaria, equipo y materiales",4652,"Venta al por mayor de equipo, partes y piezas electrónicos y de telecomunicaciones",4652,33,4652,1
G,Comercio al por mayor y al por menor; reparación de vehículos automotores y motocicletas,46,"Comercio al por mayor, excepto el de vehículos automotores y motocicletas",465,"Venta al por mayor de maquinaria, equipo y materiales",4653,"Venta al por mayor de maquinaria, equipo y materiales agropecuarios",4653,33,4653,1
G,Comercio al por mayor y al por menor; reparación de vehículos automotores y motocicletas,46,"Comercio al por mayor, excepto el de vehículos automotores y motocicletas",465,"Venta al por mayor de maquinaria, equipo y materiales",4659,Venta al por mayor de otros tipos de maquinaria y equipo,4659,26,4659,1
G,Comercio al por mayor y al por menor; reparación de vehículos automotores y motocicletas,46,"Comercio al por mayor, excepto el de vehículos automotores y motocicletas",466,Otras actividades de venta al por mayor especializada,4661,"Venta al por mayor de combustibles sólidos, líquidos y gaseosos y productos conexos",4661,34,4661,1
G,Comercio al por mayor y al por menor; reparación de vehículos automotores y motocicletas,46,"Comercio al por mayor, excepto el de vehículos automotores y motocicletas",466,Otras actividades de venta al por mayor especializada,4662,Venta al por mayor de metales y minerales metalíferos,4662,33,4662,1
G,Comercio al por mayor y al por menor; reparación de vehículos automotores y motocicletas,46,"Comercio al por mayor, excepto el de vehículos automotores y motocicletas",466,Otras actividades de venta al por mayor especializada,4663,"Venta al por mayor de materiales de construcción, artículos de ferretería y equipo y materiales de fontanería y calefacción",4663,33,4663,1
G,Comercio al por mayor y al por menor; reparación de vehículos automotores y motocicletas,46,"Comercio al por mayor, excepto el de vehículos automotores y motocicletas",466,Otras actividades de venta al por mayor especializada,4669,"Venta al por mayor de desperdicios, desechos y chatarra y otros productos n.c.p.",4669,32,4669,1
G,Comercio al por mayor y al por menor; reparación de vehículos automotores y motocicletas,46,"Comercio al por mayor, excepto el de vehículos automotores y motocicletas",469,Venta al por mayor no especializada,4690,Venta al por mayor no especializada,4690,32,4690,1
G,Comercio al por mayor y al por menor; reparación de vehículos automotores y motocicletas,47,"Comercio al por menor, excepto el de vehículos automotores y motocicletas",471,Venta al por menor en comercios no especializados,4711,"Venta al por menor en comercios no especializados con predominio de la venta de alimentos, bebidas o tabaco",4711,33,4711,1
G,Comercio al por mayor y al por menor; reparación de vehículos automotores y motocicletas,47,"Comercio al por menor, excepto el de vehículos automotores y motocicletas",471,Venta al por menor en comercios no especializados,4719,Otras actividades de venta al por menor en comercios no especializados,4719,34,4719,1
G,Comercio al por mayor y al por menor; reparación de vehículos automotores y motocicletas,47,"Comercio al por menor, excepto el de vehículos automotores y motocicletas",472,"Venta al por menor de alimentos, bebidas y tabaco en comercios especializados",4721,Venta al por menor de alimentos en comercios especializados,4721,28,4721,1
G,Comercio al por mayor y al por menor; reparación de vehículos automotores y motocicletas,47,"Comercio al por menor, excepto el de vehículos automotores y motocicletas",472,"Venta al por menor de alimentos, bebidas y tabaco en comercios especializados",4722,Venta al por menor de bebidas en comercios especializados,4722,30,4722,1
G,Comercio al por mayor y al por menor; reparación de vehículos automotores y motocicletas,47,"Comercio al por menor, excepto el de vehículos automotores y motocicletas",472,"Venta al por menor de alimentos, bebidas y tabaco en comercios especializados",4723,Venta al por menor de productos de tabaco en comercios especializados,4723,31,,1
G,Comercio al por mayor y al por menor; reparación de vehículos automotores y motocicletas,47,"Comercio al por menor, excepto el de vehículos automotores y motocicletas",473,Venta al por menor de combustibles para vehículos automotores en comercios especializados,4730,Venta al por menor de combustibles para vehículos automotores en comercios especializados,4730,30,4730,1
G,Comercio al por mayor y al por menor; reparación de vehículos automotores y motocicletas,47,"Comercio al por menor, excepto el de vehículos automotores y motocicletas",474,Venta al por menor de equipo de información y de comunicaciones en comercios especializados,4741,"Venta al por menor de ordenadores, equipo periférico, programas de informática y equipo de telecomunicaciones en comercios especializados",4741,33,4741,1
G,Comercio al por mayor y al por menor; reparación de vehículos automotores y motocicletas,47,"Comercio al por menor, excepto el de vehículos automotores y motocicletas",474,Venta al por menor de equipo de información y de comunicaciones en comercios especializados,4742,Venta al por menor de equipo de sonido y de video en comercios especializados,4742,30,4742,1
G,Comercio al por mayor y al por menor; reparación de vehículos automotores y motocicletas,47,"Comercio al por menor, excepto el de vehículos automotores y motocicletas",475,Venta al por menor de otros enseres domésticos en comercios especializados,4751,Venta al por menor de productos textiles en comercios especializados,4751,34,4751,1
G,Comercio al por mayor y al por menor; reparación de vehículos automotores y motocicletas,47,"Comercio al por menor, excepto el de vehículos automotores y motocicletas",475,Venta al por menor de otros enseres domésticos en comercios especializados,4752,"Venta al por menor de artículos de ferretería, pinturas y productos de vidrio en comercios especializados",4752,35,4752,1
G,Comercio al por mayor y al por menor; reparación de vehículos automotores y motocicletas,47,"Comercio al por menor, excepto el de vehículos automotores y motocicletas",475,Venta al por menor de otros enseres domésticos en comercios especializados,4753,"Venta al por menor de tapices, alfombras y cubrimientos para paredes y pisos en comercios especializados",4753,33,4753,1
G,Comercio al por mayor y al por menor; reparación de vehículos automotores y motocicletas,47,"Comercio al por menor, excepto el de vehículos automotores y motocicletas",475,Venta al por menor de otros enseres domésticos en comercios especializados,4759,"Venta al por menor de aparatos eléctricos de uso doméstico, muebles, equipo de iluminación y otros enseres domésticos en comercios especializados",4759,34,4759,1
G,Comercio al por mayor y al por menor; reparación de vehículos automotores y motocicletas,47,"Comercio al por menor, excepto el de vehículos automotores y motocicletas",476,Venta al por menor de productos culturales y recreativos en comercios especializados,4761,"Venta al por menor de libros, periódicos y artículos de papelería en comercios especializados",4761,32,4761,1
G,Comercio al por mayor y al por menor; reparación de vehículos automotores y motocicletas,47,"Comercio al por menor, excepto el de vehículos automotores y motocicletas",476,Venta al por menor de productos culturales y recreativos en comercios especializados,4762,Venta al por menor de grabaciones de música y de vídeo en comercios especializados,4762,32,4762,1
G,Comercio al por mayor y al por menor; reparación de vehículos automotores y motocicletas,47,"Comercio al por menor, excepto el de vehículos automotores y motocicletas",476,Venta al por menor de productos culturales y recreativos en comercios especializados,4763,Venta al por menor de equipo de deporte en comercios especializados,4763,33,4763,1
G,Comercio al por mayor y al por menor; reparación de vehículos automotores y motocicletas,47,"Comercio al por menor, excepto el de vehículos automotores y motocicletas",476,Venta al por menor de productos culturales y recreativos en comercios especializados,4764,Venta al por menor de juegos y juguetes en comercios especializados,4764,33,4764,1
G,Comercio al por mayor y al por menor; reparación de vehículos automotores y motocicletas,47,"Comercio al por menor, excepto el de vehículos automotores y motocicletas",477,Venta al por menor de otros productos en comercios especializados,4771,"Venta al por menor de prendas de vestir, calzado y artículos de cuero en comercios especializados",4771,35,4771,1
G,Comercio al por mayor y al por menor; reparación de vehículos automotores y motocicletas,47,"Comercio al por menor, excepto el de vehículos automotores y motocicletas",477,Venta al por menor de otros productos en comercios especializados,4772,"Venta al por menor de productos farmacéuticos y médicos, cosméticos y artículos de tocador en comercios especializados",4772,34,4772,1
G,Comercio al por mayor y al por menor; reparación de vehículos automotores y motocicletas,47,"Comercio al por menor, excepto el de vehículos automotores y motocicletas",477,Venta al por menor de otros productos en comercios especializados,4773,Venta al por menor de otros productos nuevos en comercios especializados,4773,33,4773,1
G,Comercio al por mayor y al por menor; reparación de vehículos automotores y motocicletas,47,"Comercio al por menor, excepto el de vehículos automotores y motocicletas",477,Venta al por menor de otros productos en comercios especializados,4774,Venta al por menor de artículos de segunda mano,4774,33,4774,1
G,Comercio al por mayor y al por menor; reparación de vehículos automotores y motocicletas,47,"Comercio al por menor, excepto el de vehículos automotores y motocicletas",478,Venta al por menor en puestos de venta y mercados,4781,"Venta al por menor de alimentos, bebidas y tabaco en puestos de venta y mercados",4781,31,4781,1
G,Comercio al por mayor y al por menor; reparación de vehículos automotores y motocicletas,47,"Comercio al por menor, excepto el de vehículos automotores y motocicletas",478,Venta al por menor en puestos de venta y mercados,4782,"Venta al por menor de productos textiles, prendas de vestir y calzado en puestos de venta y mercados",4782,29,4782,1
G,Comercio al por mayor y al por menor; reparación de vehículos automotores y motocicletas,47,"Comercio al por menor, excepto el de vehículos automotores y motocicletas",478,Venta al por menor en puestos de venta y mercados,4789,Venta al por menor de otros productos en puestos de venta y mercados,4789,30,4789,1
G,Comercio al por mayor y al por menor; reparación de vehículos automotores y motocicletas,47,"Comercio al por menor, excepto el de vehículos automotores y motocicletas",479,"Venta al por menor no realizada en comercios, puestos de venta o mercados",4791,Venta al por menor por correo y por Internet,4791,33,4791,1
G,Comercio al por mayor y al por menor; reparación de vehículos automotores y motocicletas,47,"Comercio al por menor, excepto el de vehículos automotores y motocicletas",479,"Venta al por menor no realizada en comercios, puestos de venta o mercados",4799,"Otras actividades de venta al por menor no realizadas en comercios, puestos de venta o mercados",4799,34,4799,1
H,Transporte y almacenamiento,49,Transporte por vía terrestre y transporte por tuberías,491,Transporte por ferrocarril,4911,Transporte interurbano de pasajeros por ferrocarril,4911,9,4911,1
H,Transporte y almacenamiento,49,Transporte por vía terrestre y transporte por tuberías,491,Transporte por ferrocarril,4912,Transporte de carga por ferrocarril,4912,14,4912,1
H,Transporte y almacenamiento,49,Transporte por vía terrestre y transporte por tuberías,492,Otras actividades de transporte por vía terrestre,4921,Transporte urbano y suburbano de pasajeros por vía terrestre,4921,29,4921,1
H,Transporte y almacenamiento,49,Transporte por vía terrestre y transporte por tuberías,492,Otras actividades de transporte por vía terrestre,4922,Otras actividades de transporte por vía terrestre,4922,24,4922,1
H,Transporte y almacenamiento,49,Transporte por vía terrestre y transporte por tuberías,492,Otras actividades de transporte por vía terrestre,4923,Transporte de carga por carretera,4923,33,4923,1
H,Transporte y almacenamiento,49,Transporte por vía terrestre y transporte por tuberías,493,Transporte por tuberías,4930,Transporte por tuberías,4930,9,,1
H,Transporte y almacenamiento,50,Transporte por vía acuática,501,Transporte marítimo y de cabotaje,5011,Transporte de pasajeros marítimo y de cabotaje,5011,22,5011,1
H,Transporte y almacenamiento,50,Transporte por vía acuática,501,Transporte marítimo y de cabotaje,5012,Transporte de carga marítimo y de cabotaje,5012,26,5012,1
H,Transporte y almacenamiento,50,Transporte por vía acuática,502,Transporte por vías de navegación interiores,5021,Transporte de pasajeros por vías de navegación interiores,5021,22,5021,1
H,Transporte y almacenamiento,50,Transporte por vía acuática,502,Transporte por vías de navegación interiores,5022,Transporte de carga por vías de navegación interiores,5022,19,,1
H,Transporte y almacenamiento,51,Transporte por vía aérea,511,Transporte de pasajeros por vía aérea,5110,Transporte de pasajeros por vía aérea,5110,17,5110,1
H,Transporte y almacenamiento,51,Transporte por vía aérea,512,Transporte de carga por vía aérea,5120,Transporte de carga por vía aérea,5120,15,5120,1
H,Transporte y almacenamiento,52,Almacenamiento y actividades de apoyo al transporte,521,Almacenamiento y depósito,5210,Almacenamiento y depósito,5210,30,5210,1
H,Transporte y almacenamiento,52,Almacenamiento y actividades de apoyo al transporte,522,Actividades de apoyo al transporte,5221,Actividades de servicios vinculadas al transporte terrestre,5221,32,5221,1
H,Transporte y almacenamiento,52,Almacenamiento y actividades de apoyo al transporte,522,Actividades de apoyo al transporte,5222,Actividades de servicios vinculadas al transporte acuático,5222,28,5222,1
H,Transporte y almacenamiento,52,Almacenamiento y actividades de apoyo al transporte,522,Actividades de apoyo al transporte,5223,Actividades de servicios vinculadas al transporte aéreo,5223,31,5223,1
H,Transporte y almacenamiento,52,Almacenamiento y actividades de apoyo al transporte,522,Actividades de apoyo al transporte,5224,Manipulación de la carga,5224,30,5224,1
H,Transporte y almacenamiento,52,Almacenamiento y actividades de apoyo al transporte,522,Actividades de apoyo al transporte,5229,Otras actividades de apoyo al transporte,5229,34,5229,1
H,Transporte y almacenamiento,53,Actividades postales y de mensajería,531,Actividades postales,5310,Actividades postales,5310,8,5310,1
H,Transporte y almacenamiento,53,Actividades postales y de mensajería,532,Actividades de mensajería,5320,Actividades de mensajería,5320,11,5320,1
I,Actividades de alojamiento y de servicio de comidas,55,Actividades de alojamiento,551,Actividades de alojamiento para estancias cortas,5510,Actividades de alojamiento para estancias cortas,5510,30,5510,1
I,Actividades de alojamiento y de servicio de comidas,55,Actividades de alojamiento,552,"Actividades de campamentos, parques de vehículos recreativos y parques de caravanas",5520,"Actividades de campamentos, parques de vehículos recreativos y parques de caravanas",5520,27,5520,1
I,Actividades de alojamiento y de servicio de comidas,55,Actividades de alojamiento,559,Otras actividades de alojamiento,5590,Otras actividades de alojamiento,5590,29,5590,1
I,Actividades de alojamiento y de servicio de comidas,56,Actividades de servicio de comidas y bebidas,561,Actividades de restaurantes y de servicio móvil de comidas,5610,Actividades de restaurantes y de servicio móvil de comidas,5610,32,5610,1
I,Actividades de alojamiento y de servicio de comidas,56,Actividades de servicio de comidas y bebidas,562,Suministro de comidas por encargo y otras actividades de servicio de comidas,5621,Suministro de comidas por encargo,5621,31,5621,1
I,Actividades de alojamiento y de servicio de comidas,56,Actividades de servicio de comidas y bebidas,562,Suministro de comidas por encargo y otras actividades de servicio de comidas,5629,Otras actividades de servicio de comidas,5629,33,5629,1
I,Actividades de alojamiento y de servicio de comidas,56,Actividades de servicio de comidas y bebidas,563,Actividades de servicio de bebidas,5630,Actividades de servicio de bebidas,5630,31,5630,1
J,Información y comunicaciones,58,Actividades de edición,581,Edición de libros y publicaciones periódicas y otras actividades de edición,5811,Edición de libros,5811,32,5811,1
J,Información y comunicaciones,58,Actividades de edición,581,Edición de libros y publicaciones periódicas y otras actividades de edición,5812,Edición de directorios y listas de correo,5812,18,,1
J,Información y comunicaciones,58,Actividades de edición,581,Edición de libros y publicaciones periódicas y otras actividades de edición,5813,"Edición de periódicos, revistas y otras publicaciones periódicas",5813,28,5813,1
J,Información y comunicaciones,58,Actividades de edición,581,Edición de libros y publicaciones periódicas y otras actividades de edición,5819,Otras actividades de edición,5819,25,5819,1
J,Información y comunicaciones,58,Actividades de edición,582,Edición de programas informáticos,5820,Edición de programas informáticos,5820,27,5820,1
J,Información y comunicaciones,59,"Actividades de producción de películas cinematográficas, vídeos y programas de televisión, grabación de sonido y edición de música",591,"Actividades de producción de películas cinematográficas, vídeos y programas de televisión",5911,"Actividades de producción de películas cinematográficas, vídeos y programas de televisión",5911,33,5911,1
J,Información y comunicaciones,59,"Actividades de producción de películas cinematográficas, vídeos y programas de televisión, grabación de sonido y edición de música",591,"Actividades de producción de películas cinematográficas, vídeos y programas de televisión",5912,"Actividades de postproducción de películas cinematográficas, vídeos y programas de televisión",5912,31,5912,1
J,Información y comunicaciones,59,"Actividades de producción de películas cinematográficas, vídeos y programas de televisión, grabación de sonido y edición de música",591,"Actividades de producción de películas cinematográficas, vídeos y programas de televisión",5913,"Actividades de distribución de películas cinematográficas, vídeos y programas de televisión",5913,29,,1
J,Información y comunicaciones,59,"Actividades de producción de películas cinematográficas, vídeos y programas de televisión, grabación de sonido y edición de música",591,"Actividades de producción de películas cinematográficas, vídeos y programas de televisión",5914,Actividades de exhibición de películas cinematográficas y cintas de vídeo,5914,30,5914,1
J,Información y comunicaciones,59,"Actividades de producción de películas cinematográficas, vídeos y programas de televisión, grabación de sonido y edición de música",592,Actividades de grabación de sonido y edición de música,5920,Actividades de grabación de sonido y edición de música,5920,30,5920,1
J,Información y comunicaciones,60,Actividades de programación y transmisión,601,Transmisiones de radio,6010,Transmisiones de radio,6010,29,6010,1
J,Información y comunicaciones,60,Actividades de programación y transmisión,602,Programación y transmisiones de televisión,6020,Programación y transmisiones de televisión,6020,28,6020,1
J,Información y comunicaciones,61,Telecomunicaciones,611,Actividades de telecomunicaciones alámbricas,6110,Actividades de telecomunicaciones alámbricas,6110,28,6110,1
J,Información y comunicaciones,61,Telecomunicaciones,612,Actividades de telecomunicaciones inalámbricas,6120,Actividades de telecomunicaciones inalámbricas,6120,24,6120,1
J,Información y comunicaciones,61,Telecomunicaciones,613,Actividades de telecomunicaciones por satélite,6130,Actividades de telecomunicaciones por satélite,6130,20,6130,1
J,Información y comunicaciones,61,Telecomunicaciones,619,Otras actividades de telecomunicaciones,6190,Otras actividades de telecomunicaciones,6190,27,6190,1
J,Información y comunicaciones,62,"Programación informática, consultoría de informática y actividades conexas",620,"Programación informática, consultoría de informática y actividades conexas",6201,Programación informática,6201,33,6201,1
J,Información y comunicaciones,62,"Programación informática, consultoría de informática y actividades conexas",620,"Programación informática, consultoría de informática y actividades conexas",6202,Consultoría de informática y gestión de instalaciones informáticas,6202,33,6202,1
J,Información y comunicaciones,62,"Programación informática, consultoría de informática y actividades conexas",620,"Programación informática, consultoría de informática y actividades conexas",6209,Otras actividades de tecnología de la información y de servicios informáticos,6209,32,6209,1
J,Información y comunicaciones,63,Actividades de servicios de información,631,"Procesamiento de datos, hospedaje y actividades conexas; portales web",6311,"Procesamiento de datos, hospedaje y actividades conexas",6311,34,6311,1
J,Información y comunicaciones,63,Actividades de servicios de información,631,"Procesamiento de datos, hospedaje y actividades conexas; portales web",6312,Portales web,6312,31,,1
J,Información y comunicaciones,63,Actividades de servicios de información,639,Otras actividades de servicios de información,6391,Actividades de agencias de noticias,6391,28,6391,1
J,Información y comunicaciones,63,Actividades de servicios de información,639,Otras actividades de servicios de información,6399,Otras actividades de servicios de información n.c.p.,6399,29,6399,1
K,Actividades financieras y de seguros,64,"Actividades de servicios financieros, excepto las de seguros y fondos de pensiones",641,Intermediación monetaria,6411,Banca central,6411,17,6411,0
K,Actividades financieras y de seguros,64,"Actividades de servicios financieros, excepto las de seguros y fondos de pensiones",641,Intermediación monetaria,6419,Otros tipos de intermediación monetaria,6419,23,6419,0
K,Actividades financieras y de seguros,64,"Actividades de servicios financieros, excepto las de seguros y fondos de pensiones",642,Actividades de sociedades de cartera,6420,Actividades de sociedades de cartera,,,6420,0
K,Actividades financieras y de seguros,64,"Actividades de servicios financieros, excepto las de seguros y fondos de pensiones",643,Fondos y sociedades de inversión y entidades financieras similares,6430,Fondos y sociedades de inversión y entidades financieras similares,,,6430,0
K,Actividades financieras y de seguros,64,"Actividades de servicios financieros, excepto las de seguros y fondos de pensiones",649,"Otras actividades de servicios financieros, excepto las de seguros y fondos de pensiones",6491,Arrendamiento financiero,6491,1,6491,0
K,Actividades financieras y de seguros,64,"Actividades de servicios financieros, excepto las de seguros y fondos de pensiones",649,"Otras actividades de servicios financieros, excepto las de seguros y fondos de pensiones",6492,Otras actividades de concesión de crédito,6492,1,6492,0
K,Actividades financieras y de seguros,64,"Actividades de servicios financieros, excepto las de seguros y fondos de pensiones",649,"Otras actividades de servicios financieros, excepto las de seguros y fondos de pensiones",6499,"Otras actividades de servicios financieros, excepto las de seguros y fondos de pensiones, n.c.p.",6499,2,6499,0
K,Actividades financieras y de seguros,65,"Seguros, reaseguros y fondos de pensiones, excepto planes de seguridad social de afiliación obligatoria",651,Seguros,6511,Seguros de vida,,,6511,0
K,Actividades financieras y de seguros,65,"Seguros, reaseguros y fondos de pensiones, excepto planes de seguridad social de afiliación obligatoria",651,Seguros,6512,Seguros generales,6512,1,6512,0
K,Actividades financieras y de seguros,65,"Seguros, reaseguros y fondos de pensiones, excepto planes de seguridad social de afiliación obligatoria",652,Reaseguros,6520,Reaseguros,,,,0
K,Actividades financieras y de seguros,65,"Seguros, reaseguros y fondos de pensiones, excepto planes de seguridad social de afiliación obligatoria",653,Fondos de pensiones,6530,Fondos de pensiones,6530,11,6530,0
K,Actividades financieras y de seguros,66,Actividades auxiliares de las actividades de servicios financieros,661,"Actividades auxiliares de las actividades de servicios financieros, excepto las de seguros y fondos de pensiones",6611,Administración de mercados financieros,6611,1,6611,0
K,Actividades financieras y de seguros,66,Actividades auxiliares de las actividades de servicios financieros,661,"Actividades auxiliares de las actividades de servicios financieros, excepto las de seguros y fondos de pensiones",6612,Corretaje de valores y de contratos de productos básicos,6612,1,6612,0
K,Actividades financieras y de seguros,66,Actividades auxiliares de las actividades de servicios financieros,661,"Actividades auxiliares de las actividades de servicios financieros, excepto las de seguros y fondos de pensiones",6619,Otras actividades auxiliares de las actividades de servicios financieros,6619,1,6619,0
K,Actividades financieras y de seguros,66,Actividades auxiliares de las actividades de servicios financieros,662,Actividades auxiliares de las actividades de seguros y fondos de pensiones,6621,Evaluación de riesgos y daños,6621,1,6621,0
K,Actividades financieras y de seguros,66,Actividades auxiliares de las actividades de servicios financieros,662,Actividades auxiliares de las actividades de seguros y fondos de pensiones,6622,Actividades de agentes y corredores de seguros,6622,1,6622,0
K,Actividades financieras y de seguros,66,Actividades auxiliares de las actividades de servicios financieros,662,Actividades auxiliares de las actividades de seguros y fondos de pensiones,6629,Otras actividades auxiliares de las actividades de seguros y fondos de pensiones,6629,1,6629,0
K,Actividades financieras y de seguros,66,Actividades auxiliares de las actividades de servicios financieros,663,Actividades de gestión de fondos,6630,Actividades de gestión de fondos,,,6630,0
L,Actividades inmobiliarias,68,Actividades inmobiliarias,681,Actividades inmobiliarias realizadas con bienes propios o arrendados,6810,Actividades inmobiliarias realizadas con bienes propios o arrendados,6810,31,6810,1
L,Actividades inmobiliarias,68,Actividades inmobiliarias,682,Actividades inmobiliarias realizadas a cambio de una retribución o por contrata,6820,Actividades inmobiliarias realizadas a cambio de una retribución o por contrata,6820,30,6820,1
M,"Actividades profesionales, científicas y técnicas",69,Actividades jurídicas y de contabilidad,691,Actividades jurídicas,6910,Actividades jurídicas,6910,31,6910,1
M,"Actividades profesionales, científicas y técnicas",69,Actividades jurídicas y de contabilidad,692,"Actividades de contabilidad, teneduría de libros y auditoría; consultoría fiscal",6920,"Actividades de contabilidad, teneduría de libros y auditoría; consultoría fiscal",6920,32,6920,1
M,"Actividades profesionales, científicas y técnicas",70,Actividades de oficinas principales; actividades de consultoría de gestión,701,Actividades de oficinas principales,7010,Actividades de oficinas principales,7010,27,7010,1
M,"Actividades profesionales, científicas y técnicas",70,Actividades de oficinas principales; actividades de consultoría de gestión,702,Actividades de consultoría de gestión,7020,Actividades de consultoría de gestión,7020,30,7020,1
M,"Actividades profesionales, científicas y técnicas",71,Actividades de arquitectura e ingeniería; ensayos y análisis técnicos,711,Actividades de arquitectura e ingeniería y actividades conexas de consultoría técnica,7110,Actividades de arquitectura e ingeniería y actividades conexas de consultoría técnica,7110,31,7110,1
M,"Actividades profesionales, científicas y técnicas",71,Actividades de arquitectura e ingeniería; ensayos y análisis técnicos,712,Ensayos y análisis técnicos,7120,Ensayos y análisis técnicos,7120,32,7120,1
M,"Actividades profesionales, científicas y técnicas",72,Investigación científica y desarrollo,721,Investigaciones y desarrollo experimental en el campo de las ciencias naturales y la ingeniería,7210,Investigaciones y desarrollo experimental en el campo de las ciencias naturales y la ingeniería,7210,25,7210,1
M,"Actividades profesionales, científicas y técnicas",72,Investigación científica y desarrollo,722,Investigaciones y desarrollo experimental en el campo de las ciencias sociales y las humanidades,7220,Investigaciones y desarrollo experimental en el campo de las ciencias sociales y las humanidades,7220,28,7220,1
M,"Actividades profesionales, científicas y técnicas",73,Publicidad y estudios de mercado,731,Publicidad,7310,Publicidad,7310,30,7310,1
M,"Actividades profesionales, científicas y técnicas",73,Publicidad y estudios de mercado,732,Estudios de mercado y encuestas de opinión pública,7320,Estudios de mercado y encuestas de opinión pública,7320,31,7320,1
M,"Actividades profesionales, científicas y técnicas",74,"Otras actividades profesionales, científicas y técnicas",741,Actividades especializadas de diseño,7410,Actividades especializadas de diseño,7410,32,7410,1
M,"Actividades profesionales, científicas y técnicas",74,"Otras actividades profesionales, científicas y técnicas",742,Actividades de fotografía,7420,Actividades de fotografía,7420,32,7420,1
M,"Actividades profesionales, científicas y técnicas",74,"Otras actividades profesionales, científicas y técnicas",749,"Otras actividades profesionales, científicas y técnicas n.c.p.",7490,"Otras actividades profesionales, científicas y técnicas n.c.p.",7490,31,7490,1
M,"Actividades profesionales, científicas y técnicas",75,Actividades veterinarias,750,Actividades veterinarias,7500,Actividades veterinarias,7500,32,7500,1
N,Actividades de servicios administrativos y de apoyo,77,Actividades de alquiler y arrendamiento,771,Alquiler y arrendamiento de vehículos automotores,7710,Alquiler y arrendamiento de vehículos automotores,7710,27,7710,1
N,Actividades de servicios administrativos y de apoyo,77,Actividades de alquiler y arrendamiento,772,Alquiler y arrendamiento de efectos personales y enseres domésticos,7721,Alquiler y arrendamiento de equipo recreativo y deportivo,7721,30,7721,1
N,Actividades de servicios administrativos y de apoyo,77,Actividades de alquiler y arrendamiento,772,Alquiler y arrendamiento de efectos personales y enseres domésticos,7722,Alquiler de cintas de vídeo y discos,7722,23,7722,1
N,Actividades de servicios administrativos y de apoyo,77,Actividades de alquiler y arrendamiento,772,Alquiler y arrendamiento de efectos personales y enseres domésticos,7729,Alquiler y arrendamiento de otros efectos personales y enseres domésticos,7729,32,7729,1
N,Actividades de servicios administrativos y de apoyo,77,Actividades de alquiler y arrendamiento,773,"Alquiler y arrendamiento de otros tipos de maquinaria, equipo y bienes tangibles",7730,"Alquiler y arrendamiento de otros tipos de maquinaria, equipo y bienes tangibles",7730,21,7730,1
N,Actividades de servicios administrativos y de apoyo,77,Actividades de alquiler y arrendamiento,774,"Arrendamiento de propiedad intelectual y productos similares, excepto obras protegidas por derechos de autor",7740,"Arrendamiento de propiedad intelectual y productos similares, excepto obras protegidas por derechos de autor",7740,29,7740,1
N,Actividades de servicios administrativos y de apoyo,78,Actividades de empleo,781,Actividades de agencias de empleo,7810,Actividades de agencias de empleo,7810,29,7810,1
N,Actividades de servicios administrativos y de apoyo,78,Actividades de empleo,782,Actividades de agencias de empleo temporal,7820,Actividades de agencias de empleo temporal,7820,30,7820,1
N,Actividades de servicios administrativos y de apoyo,78,Actividades de empleo,783,Otras actividades de dotación de recursos humanos,7830,Otras actividades de dotación de recursos humanos,7830,26,7830,1
N,Actividades de servicios administrativos y de apoyo,79,Actividades de agencias de viajes y operadores turísticos y servicios de reservas y actividades conexas,791,Actividades de agencias de viajes y operadores turísticos,7911,Actividades de agencias de viajes,7911,31,7911,1
N,Actividades de servicios administrativos y de apoyo,79,Actividades de agencias de viajes y operadores turísticos y servicios de reservas y actividades conexas,791,Actividades de agencias de viajes y operadores turísticos,7912,Actividades de operadores turísticos,7912,32,7912,1
N,Actividades de servicios administrativos y de apoyo,79,Actividades de agencias de viajes y operadores turísticos y servicios de reservas y actividades conexas,799,Otros servicios de reservas y actividades conexas,7990,Otros servicios de reservas y actividades conexas,7990,30,7990,1
N,Actividades de servicios administrativos y de apoyo,80,Actividades de seguridad e investigación,801,Actividades de seguridad privada,8010,Actividades de seguridad privada,8010,30,8010,1
N,Actividades de servicios administrativos y de apoyo,80,Actividades de seguridad e investigación,802,Actividades de servicios de sistemas de seguridad,8020,Actividades de servicios de sistemas de seguridad,8020,28,8020,1
N,Actividades de servicios administrativos y de apoyo,80,Actividades de seguridad e investigación,803,Actividades de investigación,8030,Actividades de investigación,8030,26,8030,1
N,Actividades de servicios administrativos y de apoyo,81,Actividades de servicios a edificios y de paisajismo,811,Actividades combinadas de apoyo a instalaciones,8110,Actividades combinadas de apoyo a instalaciones,8110,32,8110,1
N,Actividades de servicios administrativos y de apoyo,81,Actividades de servicios a edificios y de paisajismo,812,Actividades de limpieza,8121,Limpieza general de edificios,8121,32,8121,1
N,Actividades de servicios administrativos y de apoyo,81,Actividades de servicios a edificios y de paisajismo,812,Actividades de limpieza,8129,Otras actividades de limpieza de edificios y de instalaciones industriales,8129,30,8129,1
N,Actividades de servicios administrativos y de apoyo,81,Actividades de servicios a edificios y de paisajismo,813,Actividades de paisajismo y servicios de mantenimiento conexos,8130,Actividades de paisajismo y servicios de mantenimiento conexos,8130,31,8130,1
N,Actividades de servicios administrativos y de apoyo,82,Actividades administrativas y de apoyo de oficina y otras actividades de apoyo a las empresas,821,Actividades administrativas y de apoyo de oficina,8211,Actividades combinadas de servicios administrativos de oficina,8211,30,8211,1
N,Actividades de servicios administrativos y de apoyo,82,Actividades administrativas y de apoyo de oficina y otras actividades de apoyo a las empresas,821,Actividades administrativas y de apoyo de oficina,8219,"Fotocopiado, preparación de documentos y otras actividades especializadas de apoyo de oficina",8219,29,8219,1
N,Actividades de servicios administrativos y de apoyo,82,Actividades administrativas y de apoyo de oficina y otras actividades de apoyo a las empresas,822,Actividades de centros de llamadas,8220,Actividades de centros de llamadas,8220,32,8220,1
N,Actividades de servicios administrativos y de apoyo,82,Actividades administrativas y de apoyo de oficina y otras actividades de apoyo a las empresas,823,Organización de convenciones y exposiciones comerciales,8230,Organización de convenciones y exposiciones comerciales,8230,30,8230,1
N,Actividades de servicios administrativos y de apoyo,82,Actividades administrativas y de apoyo de oficina y otras actividades de apoyo a las empresas,829,Actividades de servicios de apoyo a las empresas n.c.p.,8291,Actividades de agencias de cobro y agencias de calificación crediticia,8291,29,8291,1
N,Actividades de servicios administrativos y de apoyo,82,Actividades administrativas y de apoyo de oficina y otras actividades de apoyo a las empresas,829,Actividades de servicios de apoyo a las empresas n.c.p.,8292,Actividades de envasado y empaquetado,8292,29,8292,1
N,Actividades de servicios administrativos y de apoyo,82,Actividades administrativas y de apoyo de oficina y otras actividades de apoyo a las empresas,829,Actividades de servicios de apoyo a las empresas n.c.p.,8299,Otras actividades de servicios de apoyo a las empresas n.c.p.,8299,30,8299,1
O,Administración pública y defensa; planes de seguridad social de afiliación obligatoria,84,Administración pública y defensa; planes de seguridad social de afiliación obligatoria,841,Administración del Estado y aplicación de la política económica y social de la comunidad,8411,Actividades de la administración pública en general,8411,1,8411,0
O,Administración pública y defensa; planes de seguridad social de afiliación obligatoria,84,Administración pública y defensa; planes de seguridad social de afiliación obligatoria,841,Administración del Estado y aplicación de la política económica y social de la comunidad,8412,"Regulación de las actividades de organismos que prestan servicios sanitarios, educativos, culturales y otros servicios sociales, excepto servicios de seguridad social",8412,2,8412,0
O,Administración pública y defensa; planes de seguridad social de afiliación obligatoria,84,Administración pública y defensa; planes de seguridad social de afiliación obligatoria,841,Administración del Estado y aplicación de la política económica y social de la comunidad,8413,Regulación y facilitación de la actividad económica,8413,1,8413,0
O,Administración pública y defensa; planes de seguridad social de afiliación obligatoria,84,Administración pública y defensa; planes de seguridad social de afiliación obligatoria,842,Prestación de servicios a la comunidad en general,8421,Relaciones exteriores,8421,1,8421,0
O,Administración pública y defensa; planes de seguridad social de afiliación obligatoria,84,Administración pública y defensa; planes de seguridad social de afiliación obligatoria,842,Prestación de servicios a la comunidad en general,8422,Actividades de defensa,8422,1,8422,0
O,Administración pública y defensa; planes de seguridad social de afiliación obligatoria,84,Administración pública y defensa; planes de seguridad social de afiliación obligatoria,842,Prestación de servicios a la comunidad en general,8423,Actividades de mantenimiento del orden público y de seguridad,8423,1,8423,0
O,Administración pública y defensa; planes de seguridad social de afiliación obligatoria,84,Administración pública y defensa; planes de seguridad social de afiliación obligatoria,843,Actividades de planes de seguridad social de afiliación obligatoria,8430,Actividades de planes de seguridad social de afiliación obligatoria,,,8430,0
P,Enseñanza,85,Enseñanza,851,Enseñanza preescolar y primaria,8510,Enseñanza preescolar y primaria,,,8510,0
P,Enseñanza,85,Enseñanza,852,Enseñanza secundaria,8521,Enseñanza secundaria de formación general,8521,1,8521,0
P,Enseñanza,85,Enseñanza,852,Enseñanza secundaria,8522,Enseñanza secundaria de formación técnica y profesional,8522,2,8522,0
P,Enseñanza,85,Enseñanza,853,Enseñanza superior,8530,Enseñanza superior,,,8530,0
P,Enseñanza,85,Enseñanza,854,Otros tipos de enseñanza,8541,Enseñanza deportiva y recreativa,8541,2,8541,0
P,Enseñanza,85,Enseñanza,854,Otros tipos de enseñanza,8542,Enseñanza cultural,8542,2,8542,0
P,Enseñanza,85,Enseñanza,854,Otros tipos de enseñanza,8549,Otros tipos de enseñanza n.c.p.,8549,2,8549,0
P,Enseñanza,85,Enseñanza,855,Actividades de apoyo a la enseñanza,8550,Actividades de apoyo a la enseñanza,8550,1,8550,0
Q,Actividades de atención de la salud humana y de asistencia social,86,Actividades de atención de la salud humana,861,Actividades de hospitales,8610,Actividades de hospitales,8610,1,8610,0
Q,Actividades de atención de la salud humana y de asistencia social,86,Actividades de atención de la salud humana,862,Actividades de médicos y odontólogos,8620,Actividades de médicos y odontólogos,8620,1,8620,0
Q,Actividades de atención de la salud humana y de asistencia social,86,Actividades de atención de la salud humana,869,Otras actividades de atención de la salud humana,8690,Otras actividades de atención de la salud humana,8690,1,8690,0
Q,Actividades de atención de la salud humana y de asistencia social,87,Actividades de atención en instituciones,871,Actividades de atención de enfermería en instituciones,8710,Actividades de atención de enfermería en instituciones,8710,1,8710,0
Q,Actividades de atención de la salud humana y de asistencia social,87,Actividades de atención en instituciones,872,"Actividades de atención en instituciones para personas con retraso mental, enfermos mentales y toxicómanos",8720,"Actividades de atención en instituciones para personas con retraso mental, enfermos mentales y toxicómanos",8720,1,8720,0
Q,Actividades de atención de la salud humana y de asistencia social,87,Actividades de atención en instituciones,873,Actividades de atención en instituciones para personas de edad y personas con discapacidad,8730,Actividades de atención en instituciones para personas de edad y personas con discapacidad,8730,1,8730,0
Q,Actividades de atención de la salud humana y de asistencia social,87,Actividades de atención en instituciones,879,Otras actividades de atención en instituciones,8790,Otras actividades de atención en instituciones,8790,1,8790,0
Q,Actividades de atención de la salud humana y de asistencia social,88,Actividades de asistencia social sin alojamiento,881,Actividades de asistencia social sin alojamiento para personas de edad y personas con discapacidad,8810,Actividades de asistencia social sin alojamiento para personas de edad y personas con discapacidad,8810,1,8810,0
Q,Actividades de atención de la salud humana y de asistencia social,88,Actividades de asistencia social sin alojamiento,889,Otras actividades de asistencia social sin alojamiento,8890,Otras actividades de asistencia social sin alojamiento,8890,1,8890,0
R,"Actividades artísticas, de entretenimiento y recreativas",90,"Actividades creativas, artísticas y de entretenimiento",900,"Actividades creativas, artísticas y de entretenimiento",9000,"Actividades creativas, artísticas y de entretenimiento",9000,1,9000,0
R,"Actividades artísticas, de entretenimiento y recreativas",91,"Actividades de bibliotecas, archivos y museos y otras actividades culturales",910,"Actividades de bibliotecas, archivos y museos y otras actividades culturales",9101,Actividades de librerías y archivos,9101,2,9101,0
R,"Actividades artísticas, de entretenimiento y recreativas",91,"Actividades de bibliotecas, archivos y museos y otras actividades culturales",910,"Actividades de bibliotecas, archivos y museos y otras actividades culturales",9102,Actividades de museos y conservación de lugares y edificios históricos,9102,2,9102,0
R,"Actividades artísticas, de entretenimiento y recreativas",91,"Actividades de bibliotecas, archivos y museos y otras actividades culturales",910,"Actividades de bibliotecas, archivos y museos y otras actividades culturales",9103,Actividades de jardines botánicos y zoológicos y de reservas naturales,9103,2,9103,0
R,"Actividades artísticas, de entretenimiento y recreativas",92,Actividades de juegos de azar y apuestas,920,Actividades de juegos de azar y apuestas,9200,Actividades de juegos de azar y apuestas,9200,1,9200,0
R,"Actividades artísticas, de entretenimiento y recreativas",93,"Actividades deportivas, de esparcimiento y recreativas",931,Actividades deportivas,9311,Gestión de instalaciones deportivas,9311,3,9311,0
R,"Actividades artísticas, de entretenimiento y recreativas",93,"Actividades deportivas, de esparcimiento y recreativas",931,Actividades deportivas,9312,Actividades de clubes deportivos,9312,2,9312,0
R,"Actividades artísticas, de entretenimiento y recreativas",93,"Actividades deportivas, de esparcimiento y recreativas",931,Actividades deportivas,9319,Otras actividades deportivas,9319,2,9319,0
R,"Actividades artísticas, de entretenimiento y recreativas",93,"Actividades deportivas, de esparcimiento y recreativas",932,Otras actividades de esparcimiento y recreativas,9321,Actividades de parques de atracciones y parques temáticos,9321,2,9321,0
R,"Actividades artísticas, de entretenimiento y recreativas",93,"Actividades deportivas, de esparcimiento y recreativas",932,Otras actividades de esparcimiento y recreativas,9329,Otras actividades de esparcimiento y recreativas n.c.p.,9329,2,9329,0
S,Otras actividades de servicios,94,Actividades de asociaciones,941,"Actividades de asociaciones empresariales, profesionales y de empleadores",9411,Actividades de asociaciones empresariales y de empleadores,9411,1,9411,0
S,Otras actividades de servicios,94,Actividades de asociaciones,941,"Actividades de asociaciones empresariales, profesionales y de empleadores",9412,Actividades de asociaciones profesionales,9412,1,9412,0
S,Otras actividades de servicios,94,Actividades de asociaciones,942,Actividades de sindicatos,9420,Actividades de sindicatos,,,9420,0
S,Otras actividades de servicios,94,Actividades de asociaciones,949,Actividades de otras asociaciones,9491,Actividades de organizaciones religiosas,9491,2,9491,0
S,Otras actividades de servicios,94,Actividades de asociaciones,949,Actividades de otras asociaciones,9492,Actividades de organizaciones políticas,9492,1,9492,0
S,Otras actividades de servicios,94,Actividades de asociaciones,949,Actividades de otras asociaciones,9499,Actividades de otras asociaciones n.c.p.,9499,1,9499,0
S,Otras actividades de servicios,95,Reparación de ordenadores y de efectos personales y enseres domésticos,951,Reparación de ordenadores y equipo de comunicaciones,9511,Reparación de ordenadores y equipo periférico,9511,31,9511,1
S,Otras actividades de servicios,95,Reparación de ordenadores y de efectos personales y enseres domésticos,951,Reparación de ordenadores y equipo de comunicaciones,9512,Reparación de equipo de comunicaciones,9512,30,9512,1
S,Otras actividades de servicios,95,Reparación de ordenadores y de efectos personales y enseres domésticos,952,Reparación de efectos personales y enseres domésticos,9521,Reparación de aparatos electrónicos de consumo,9521,30,9521,1
S,Otras actividades de servicios,95,Reparación de ordenadores y de efectos personales y enseres domésticos,952,Reparación de efectos personales y enseres domésticos,9522,Reparación de aparatos de uso doméstico y equipo doméstico y de jardinería,9522,29,9522,1
S,Otras actividades de servicios,95,Reparación de ordenadores y de efectos personales y enseres domésticos,952,Reparación de efectos personales y enseres domésticos,9523,Reparación de calzado y de artículos de cuero,9523,30,9523,1
S,Otras actividades de servicios,95,Reparación de ordenadores y de efectos personales y enseres domésticos,952,Reparación de efectos personales y enseres domésticos,9524,Reparación de muebles y accesorios domésticos,9524,29,9524,1
S,Otras actividades de servicios,95,Reparación de ordenadores y de efectos personales y enseres domésticos,952,Reparación de efectos personales y enseres domésticos,9529,Reparación de otros efectos personales y enseres domésticos,9529,28,9529,1
S,Otras actividades de servicios,96,Otras actividades de servicios personales,960,Otras actividades de servicios personales,9601,"Lavado y limpieza, incluida la limpieza en seco, de productos textiles y de piel",9601,2,9601,0
S,Otras actividades de servicios,96,Otras actividades de servicios personales,960,Otras actividades de servicios personales,9602,Peluquería y otros tratamientos de belleza,9602,2,9602,0
S,Otras actividades de servicios,96,Otras actividades de servicios personales,960,Otras actividades de servicios personales,9603,Pompas fúnebres y actividades conexas,9603,2,9603,0
S,Otras actividades de servicios,96,Otras actividades de servicios personales,960,Otras actividades de servicios personales,9609,Otras actividades de servicios personales n.c.p.,9609,2,9609,0
T,Actividades de los hogares como empleadores; actividades no diferenciadas de los hogares como productores de bienes y servicios para uso propio,97,Actividades de los hogares como empleadores de personal doméstico,970,Actividades de los hogares como empleadores de personal doméstico,9700,Actividades de los hogares como empleadores de personal doméstico,,,9700,0
T,Actividades de los hogares como empleadores; actividades no diferenciadas de los hogares como productores de bienes y servicios para uso propio,98,Actividades no diferenciadas de los hogares como productores de bienes y servicios para uso propio,981,Actividades no diferenciadas de los hogares como productores de bienes para uso propio,9810,Actividades no diferenciadas de los hogares como productores de bienes para uso propio,,,9810,0
T,Actividades de los hogares como empleadores; actividades no diferenciadas de los hogares como productores de bienes y servicios para uso propio,98,Actividades no diferenciadas de los hogares como productores de bienes y servicios para uso propio,982,Actividades no diferenciadas de los hogares como productores de servicios para uso propio,9820,Actividades no diferenciadas de los hogares como productores de servicios para uso propio,,,9820,0
U,Actividades de organizaciones y órganos extraterritoriales,99,Actividades de organizaciones y órganos extraterritoriales,990,Actividades de organizaciones y órganos extraterritoriales,9900,Actividades de organizaciones y órganos extraterritoriales,,,9900,0
